Temperature,Humidity,Wind Speed,Pressure,Cloud Cover,Rain
22.49080237694725,34.81063430708957,5.234113674718119,1017.2702994208898,57.19958782835928,No
34.01428612819832,63.35207579026865,4.939575981439996,1029.6681397191373,80.54323292999864,No
29.6398788362281,89.83566687011266,18.125091610420732,975.0467898792499,76.01609297901591,No
26.973169683940732,78.5779909127649,4.990923996990122,1012.4874099606999,15.389990469377368,No
18.12037280884873,84.52489182891598,5.43899452257262,1007.1745983143749,14.92494697414739,No
18.119890406724053,72.70266933685738,15.187965248359275,1033.2830376788272,26.817436774491334,No
16.161672243363988,75.3821251614282,8.9947968490108,1040.6087060481261,36.10747263410372,No
32.3235229154987,87.93565212522554,15.534211139103624,951.2156771477387,40.84555814084826,No
27.022300234864176,39.97344070873488,1.3073231512877048,1017.4019919058793,67.96972168333453,No
29.16145155592091,59.15399709145124,9.751423873467687,955.1835799119729,5.66804321658354,No
15.411689885916049,37.69675534556818,0.6722720036656527,1004.8858665077356,3.4672704226066386,No
34.39819704323989,99.01344063973175,1.2530640691070905,978.7632729043678,39.191056294390904,No
31.648852816008436,95.52474717492906,18.12874906688822,980.6776599522141,69.71636921379805,No
19.246782213565524,23.154144909480472,2.7849074223519033,985.2958503452356,19.343534295648258,No
18.636499344142013,76.44601380125508,10.648413645504341,1012.1292449049611,64.15044812562518,No
18.668090197068675,94.01986539325327,8.221912052014131,983.4049965668769,25.982813794029948,No
21.084844859190753,34.44602761018668,6.946866525176853,1023.269905059028,88.60861088135164,No
25.495128632644757,65.43561844421035,17.99666691374545,990.452738557387,89.56899442666165,No
23.638900372842315,93.23906380704335,0.43646793550979,956.8353200309958,29.72872042813265,No
20.824582803960837,22.715678286863906,13.275793723511782,1028.3759842484108,22.99937539632405,No
27.237057894447588,75.7936213797472,19.267888684271007,978.5758324592706,41.13039720662313,No
17.789877213040835,43.78792058980406,11.20336366923684,993.2766879599262,24.05315851801487,No
20.842892970704362,93.95169563012243,18.736449240661837,1018.5443883221901,67.23838432917036,No
22.327236865873836,97.68465961322943,1.0451575857204753,983.2456157148712,82.60646845482856,Yes
24.12139968434072,95.54131912907471,8.375866381483227,955.6585656146716,67.3092130911217,No
30.703519227860273,57.9371373325971,5.203155819241023,987.3921047012814,82.43504472493495,No
18.993475643167194,88.96341207914507,14.616419299614595,1044.4448582694304,39.69921622074742,No
25.284688768272233,87.56395188280563,19.625941809944933,1014.1734397298558,15.631697070886085,No
26.848291377240848,45.528037859460454,5.130601248884956,1017.1479148667207,73.79509473975922,No
15.929008254399955,86.3132379320542,13.083492029481489,1013.228215363764,36.047450514155386,No
27.150897038028766,22.96061077723941,3.9619526551948026,969.8992138959437,67.12708252291326,No
18.41048247374583,67.70159027856424,11.306605091432198,991.8333864102281,27.064394198176565,No
16.30103185970559,38.40070698301624,9.278649733766724,1025.0939798363318,8.122963480667266,No
33.977710745066666,29.645350862182305,19.44010659263074,960.1372897553159,99.25817954877634,No
34.31264066149119,26.156256130336732,12.170545453929332,977.7852776089712,15.620150793059928,No
31.16794696232922,75.70310207025118,6.990127441736376,977.6319108465854,98.8420993963481,No
21.092275383467413,47.18999710144529,2.2819156977586674,993.2018927594506,97.72799325664472,No
16.95344228012768,77.98134172230093,3.024936574698691,1048.0368740942185,79.38181039080396,No
28.684660530243136,25.22850726391539,4.506338599024701,956.7502546683822,65.94229620819976,No
23.803049874792027,45.223227026448825,5.01933322680596,1001.8700994380595,57.78070502510847,No
17.440764696895577,63.15930339002698,17.012321156822757,967.936468201221,86.61015453778347,No
24.903538202225405,83.25785318711709,11.224455765650498,1047.0676545409744,28.943952161948793,No
15.687770422304368,45.5002002345656,10.467818227487328,961.3303504727464,46.7681212484877,No
33.186408041575646,70.07131011496072,2.2953774373843494,990.3601002361592,61.93899693665019,No
20.17559963200034,90.87821985889497,17.2027938669887,1023.7884984834607,41.11904758694911,No
28.25044568707964,69.26905505458436,14.456286064169674,1020.4554428027445,42.7486454090268,No
21.23422152178822,38.6367579802907,1.3533672380000317,992.2728636893933,33.02846675020844,No
25.401360423556216,21.952062524523043,14.156701944595373,984.6524167952718,56.4231816684536,No
25.934205586865595,89.60790991207439,10.870764346852921,989.761237855287,85.0574528015116,No
18.69708911051054,21.701552868030973,1.634506914935565,976.4276263158639,20.152837800631286,No
34.39169255529117,89.97613381473596,9.166012830573129,970.5332938706799,93.44330387534414,No
30.50265646722229,62.31497072217696,9.693925742600939,998.303969755889,68.90876537482296,No
33.78997883128378,95.1254158810317,3.315490803265515,976.8533756067608,82.32732126800302,No
32.89654700855297,83.90265886189323,18.913962940005646,978.746166489725,55.619069263001165,No
26.957999576221702,99.834728842667,16.99950742961324,1015.6756063474558,77.95167014240634,No
33.437484700462335,48.05694523613681,13.380446746582166,1046.8537331699893,1.620039733946721,No
16.76985004103839,81.37506311449016,9.245911220012143,1010.3637200559375,81.83804247795352,Yes
18.919657248382904,52.15447308873937,8.235310831690171,957.6979467064966,4.013885908536652,No
15.90454577821076,58.39004962431271,13.019469343019082,957.5583613854067,88.99133763628625,No
21.506606615265287,70.2004370574696,10.908637388138109,1045.1423220845566,99.19627472386433,No
22.77354579378964,89.8941691349071,1.2454621176377123,979.7290790307334,29.40674621767778,No
20.426980635477918,98.72667753594361,10.250052975406634,959.2066986082475,21.031855628579365,No
31.57475018303859,81.46187310916146,16.12807234465679,1009.9044587150381,76.53633638580408,No
22.135066533871786,53.4213425733867,9.18479755193916,1012.3648778290266,25.302634092025322,No
20.618690193747614,53.70856018216561,1.0391315510853683,1014.8504820118688,86.55623831722035,No
25.853921663164968,79.00658412711132,15.725563987680662,976.7402027857541,10.28425921574767,No
17.818484499495252,39.10217166146418,4.027275642719488,951.5110684214475,12.595519637935826,No
31.043939615080795,28.837929050511573,5.1724166977607755,1046.5015369454472,97.91515551006155,No
16.491012873595416,48.36977261126212,3.294127068645918,975.0893045691103,67.38388982700046,No
34.73773873201034,42.97911933232654,6.60430129742995,1017.6026288052548,84.68872244289528,No
30.444895385933147,43.7046496364792,15.1350301137727,1020.6629869878709,32.4329377351518,No
18.974313630683447,38.688620083992795,10.387717190078746,1011.0007417079486,67.64837495206044,No
15.110442342472048,23.36745517090895,4.097625483014252,981.2907394213648,59.42418273085972,No
31.309228569096682,21.429914778673105,17.556601563040818,977.1096253764066,60.3150120122947,No
29.137146876952343,99.01779117888252,17.591637099030585,1009.7668282702703,68.25324595377215,No
29.580143360819747,54.22185069886899,17.41156850092014,1036.6095633611692,57.53591731290986,No
30.425406933718914,50.74613177277453,4.775924227630785,1044.6733728923396,42.906236930266594,No
16.480893034681806,74.3717826154456,9.024786883619761,960.5905804403758,27.592269438054686,No
22.169314570885454,37.46031102920513,19.699793122817503,965.482861259772,76.8581330913202,No
17.317381190502594,95.99689471601803,15.440249526199807,1044.473625878308,22.62724300031862,No
32.26206851751187,82.90760115324417,0.5433484245111964,1023.6535228334792,69.23543061544142,No
27.46596253655116,27.15288018498076,1.304091825209841,1038.2993824829773,23.333282264932663,No
21.617960497052984,53.40646206279427,9.278627536246656,970.2632634135343,62.53301699544539,No
16.27116700572047,90.32946460497317,18.184404117231203,1008.7585871109402,74.70782671290289,Yes
21.219646434313244,95.57856178331282,10.774035959054284,1020.1139594417474,21.87138889065392,No
21.503666440534943,57.39212089998958,9.956250160685805,1018.0111885446972,5.994330086130828,No
29.59212356676128,69.07291113685662,2.1094739991326117,990.8151690866698,13.097374299417408,No
27.751149427104263,33.36271568736602,13.135602094485881,951.5394891691309,60.59969672710255,No
32.744254851526534,99.29349009095813,16.44206321200451,1008.2926056804263,84.94464062257356,No
24.444298503238986,38.53373611067547,7.608400150151247,975.3101539179609,4.499682123542437,No
17.391884918766035,95.41854193081005,15.51223701850655,995.025424614289,73.41512590416463,Yes
29.2648957444599,71.97173191938947,19.289533078016234,1045.7581015083817,34.13186459500521,No
30.21570097233795,68.61894359030873,4.075329182553782,989.9035317642434,47.85283699195225,No
26.225543951389923,61.015080881320685,10.466592623894826,1033.9801606664428,92.88595498455656,No
30.41934359909122,38.45358493742069,5.742759161691511,968.8540605749251,33.19715047358455,No
24.875911927287817,34.12224256044066,15.857088380676787,1017.2460498025029,46.5336933939486,No
25.45465658763988,37.63889672561403,11.55186731762315,1047.7006954438943,1.3682414760681105,No
23.550820367170992,34.91506097154036,12.691648351006075,960.1893100872937,8.159872000483837,No
15.508382534881903,82.36675788534026,15.958283192317882,950.8319942227192,25.859159113478402,No
17.157828539866088,48.01002073333841,7.919409453249098,993.3582792632615,2.7852240821074403,No
15.628583713734685,24.62741412507171,18.301801368140865,959.2625483051368,63.1375326048251,No
27.72820822527561,97.52821041126491,10.6605773449228,1024.838434967623,42.63983568016225,No
21.287119621526536,90.70287079707406,3.15909645670696,1041.454866384856,54.814520272802206,No
25.171413823294056,94.22018265561704,13.91798236337605,993.4020972708759,17.464718589632955,No
33.15132947852186,99.59262581171483,15.865227008765089,975.8711642155441,29.593202943661613,No
19.9858445829775,33.91161993755898,6.335233541350533,993.440331900661,66.38244748527251,No
23.207658460712594,51.699361512212704,17.14358513997506,1022.3447817850001,96.53027236303998,No
30.111022770860973,80.6590780563273,18.122865095315326,950.905416158037,5.04167736022092,No
19.57596330983245,75.68164944430337,5.538089747556178,1008.9453989484697,89.03843208552661,No
16.53959819657586,32.311672507188405,19.67042945430444,1011.3291684887379,57.68812013112085,No
20.79502905827536,85.26664999924942,2.8142305609751683,1013.7688246895935,56.39195667556237,No
18.22442574508009,37.95524574693285,4.0403133680498,974.2022079980877,50.027853520776034,No
33.59395304685146,37.905409185809845,3.6844967847605226,1021.4052723378127,6.9394085904183385,No
31.16240759128834,62.957953831473084,17.87979420015741,959.1391486331777,8.987685173616066,No
27.66807513020847,67.43519478733626,13.085851046499236,969.9270336466801,60.09120056590861,No
32.429211803754356,66.40689662702489,3.0420856644454575,1037.7470046654482,34.09585714355583,No
31.07344153798229,27.31894699182039,8.80646836736698,1023.8723150726566,91.72680665776807,No
18.731401177720716,90.19686901043043,12.30596050139604,951.3745554011346,40.659053735947225,No
32.85117996979956,41.24800340709648,1.6692816997876658,974.83762603698,14.328145870264109,No
25.786844838313016,30.361193702624334,17.648327368146774,971.4406482993164,71.4718833502036,No
31.14880310328125,91.09984638951818,16.072070708830704,977.0806328036972,29.335342144100984,No
32.92182599846986,96.45211985838027,10.104135471532764,974.7559770279886,52.54703073558932,No
21.360069499437277,88.97020938123605,19.342532305183408,956.2526295742846,69.783278550517,No
17.201038490553536,84.76128597799024,8.355219585501994,995.8940516596821,90.02641112020704,Yes
19.558703250838832,72.41935845112174,19.682206380729955,1023.2733474786165,79.2191194801676,No
23.542155772525128,64.06858964873115,13.35839997607254,1010.6731724717437,67.63610678727241,No
31.36029531844986,26.958940792912813,12.693425465078828,1017.2871668598079,67.96331823951436,No
32.21461166512687,52.676257045655895,3.3190979059157,958.1149178536239,94.59246440320865,No
15.139042610623815,49.81508136098512,17.63855516609288,1045.1490710176788,29.582409749653603,No
25.214946051551316,40.7803027008261,8.549793758412303,1033.8491833843025,0.11120941961874076,No
23.348220062975578,77.87360909508679,3.244668115649587,1030.5090318495663,27.19545593981987,No
19.442156209414605,59.67005880630167,0.2521503995151808,1032.2983805041767,21.7891379626744,No
17.397307346673657,26.483697272611835,11.19511367276765,1043.2710508132761,66.18345851139982,No
21.75230342807256,37.6146561559849,10.547992442453527,1004.4253966113698,63.3711599765529,No
33.858194078250385,74.66070109276768,14.387072447383172,970.0282017867626,59.34613827047238,No
21.464058640415104,26.090468759224017,17.805161060356042,1011.6783607852541,1.62434432094537,No
25.37581243486732,88.0965531239015,1.5881316928605904,1024.288149366794,72.87780544506475,No
29.060379177903556,59.611722161117946,14.629929806807247,1023.7917393354026,32.353041248549154,No
22.27259204758588,58.44692618613184,3.7482388819516443,1002.144902416688,66.50559890066312,No
34.435641654419214,67.3926227727614,17.163541063143278,956.8458719333578,55.65784285021533,No
34.24894589884222,85.97447727401193,16.38127027723312,987.1112938430127,34.27309254279072,No
20.035645916507285,47.824736632175444,10.815875099710887,1042.0766608463357,13.457626710410775,No
24.94497011784771,74.24129220472508,14.20485597246623,1008.4448909757426,9.441889766048096,No
21.017566196335395,65.2585571196633,6.287002263674967,1003.8331943255713,83.15183331122236,No
20.696809887549353,41.362261613553706,9.423357978656293,976.8853514382193,91.8397542081558,No
15.737738947090655,90.29039890841264,16.432737954209433,986.8448919916578,64.97880467642996,No
27.191286679597937,83.79408172855425,9.185303943464278,1039.534608915317,10.343411486048337,No
25.05358046457723,72.67614677267403,7.155965306508836,1016.6463047526836,40.20272168882407,No
16.029575024999787,88.04653832753935,9.884248945005998,1028.7387026752333,72.89392001051573,Yes
20.57292928473223,89.3835360767842,16.56498504874437,995.4345423067655,77.9820884010068,Yes
33.165317719333075,76.66903813720279,6.704160947417455,1013.0247219456157,11.82186222910886,No
19.79123781333945,86.96106626909376,3.475231862714876,974.8383608743208,0.003071884538241587,No
17.897897441824462,75.79771693354269,14.240280406615614,1020.5460830283487,71.2137045880605,No
24.78905520555126,74.41126174082403,16.519564254161637,992.7601333703337,35.659617598620564,No
34.71300908221201,69.48891025721474,2.0127495704706666,994.2545514814746,25.448133161826025,No
19.84110543023001,80.2173311646113,4.7974822551188945,1014.9322324576882,1.289746978952544,No
28.442710948117572,32.68840842344589,2.839439795219878,1043.6280621468927,54.02994067614997,No
30.23239230657435,90.46966073591427,6.9588282316433325,956.4006346608621,85.11507354259817,No
19.752750879847994,89.74748221961856,9.007019578108252,1032.4743237347006,95.76316462725879,Yes
29.56432697223719,22.33978264276473,14.976526739266129,979.2383110412193,56.574495061328925,No
22.355662654385064,86.06534004518102,13.022951697633482,994.3919454506378,51.44613277398942,No
27.64611661187159,30.309589397875616,12.418571349568623,952.1913328775009,8.50563854892411,No
27.670594215217896,46.809508340731355,7.047498932193088,980.1046077834313,54.887280154259976,No
25.71549368149517,79.48066050332862,16.8289510616952,1000.2631242630131,37.99790789653946,No
16.805795401088165,32.860791683864655,9.42574334796329,955.617607734744,60.71352808835769,No
31.70604991178476,85.43736192952497,19.58209876030309,999.1095729383165,38.87263478765467,No
21.415601299434716,86.57073423661936,12.682842765914737,1042.7110628858427,24.029912345036674,No
18.730370207997083,60.597418700866896,2.5252948312900547,960.5393218107805,9.49652752283765,No
15.815502831095278,20.510869737346688,13.523551241508681,1026.4440728075504,31.491844458889574,No
26.817858863764837,42.96305065399302,6.50208030863398,990.9671053375993,9.664483428775227,No
28.55128723684565,69.35415347005937,13.726543933721949,1015.5173714524338,17.689695082398394,No
15.331756578557123,98.49489424219388,1.3928229632481148,976.0236597985229,98.73361585795459,Yes
25.24186116598562,70.54508216133347,3.4976287435191877,965.9492262541359,44.41035569066186,No
19.529915503958758,40.78428648513278,17.114745178115726,966.0462614271227,53.187176650501655,No
27.903455808188998,70.72045624796891,4.543591140470298,957.0491945643145,87.36185287372153,No
18.487328580099827,63.198830377268436,16.7408225048588,968.5646704901243,99.55689004906878,No
28.81875476204932,82.3876316120915,5.585521769088208,1016.4219384988968,58.27144493446815,No
22.734706926010748,28.558451106156674,12.857638201174153,1038.1690611843508,81.24738210441717,No
33.73459977473469,80.88223220016224,13.883011470196621,1031.4125685591162,32.694102433667524,No
17.750418882919867,63.301326294088824,10.253095062901059,1018.5134309874484,30.57439574472911,No
21.82132702100517,97.03936030871957,6.106213533934626,961.0431863411103,40.27037209945602,No
17.269470424811782,47.34977328309489,4.252887527421922,978.918744629595,67.25072626736491,No
33.49387236557126,70.60975145071585,0.6637870912485244,980.9806875322469,68.21916892550988,No
32.54678706761962,94.5622484408014,6.078928024814476,974.9956946397622,31.52394346494508,No
20.15883255430311,28.20077823925434,13.06325581062566,1001.5005659709723,13.320992413662868,No
28.19968092068358,94.9782789789161,18.766096368969652,1003.5553814879672,63.239625646550856,No
31.344444004024318,75.03085778406506,17.42408964526104,985.688597517111,12.832586218876452,No
26.10401623198925,25.42696472841375,15.321295530706053,985.3789158736436,57.84925082293301,No
25.59301156712013,44.0770853557453,15.768946865065974,1032.8555597906081,69.3422128056309,No
19.837045818009035,76.65376709162253,13.299698069519906,1028.9292848319685,70.06114963944516,No
16.862055356117985,25.388048117501736,5.20573715132006,980.7795831680746,75.34721106595967,No
32.944315159066534,66.57363681410186,18.143900614116596,1041.378844387326,87.28594215656645,No
33.00836114326661,47.67064455623654,13.414646238116681,1045.2815017002506,49.995899196478845,No
27.66202914546536,69.67324142139816,11.2088126196088,982.6742542030041,73.02491895295712,No
21.780595820974014,23.65936270500103,2.2197893842696215,985.4424948793055,61.91727353658367,No
21.984191492253217,89.7229444921901,8.941110876128509,1000.5634153421959,18.663993979768257,No
29.519113577404788,97.87911753419175,9.207165424038525,1044.1120812533673,2.568964486940817,No
32.94220519905154,97.51022842285532,17.291272190453398,1037.6319433142312,28.454138567693377,No
32.741728485302346,79.97214653943398,10.932964403755769,960.256796258359,44.30337063376194,No
30.597510917152476,30.406899210450558,7.608010979408193,989.2730743271417,61.71059444286563,No
27.840632923085757,80.6610556743218,19.536006570213186,1005.3371189749772,84.99593305032053,No
16.682799299900978,21.96695331670412,2.2144118665263135,1000.313247255154,19.624571670616564,No
18.232574281892276,21.76988412231978,8.450968566238892,969.3863067936893,12.55497898984771,No
32.97108377054158,45.8888175319633,0.8404935034281058,1035.8816771168154,96.34799474743275,No
27.1285811931918,59.091455232373264,14.798082415338607,1017.6940782996837,10.80445593764071,No
15.183941032332593,81.63259342462345,18.361531043983014,1033.7908374851804,47.84910701071892,No
17.02943085732064,74.66363012852042,5.600746591009789,1035.8764279349473,58.55637287933019,No
28.270035382161115,55.67221651013987,17.166833535982416,1024.835585366574,54.137442090743825,No
15.101231676924375,41.89013330253327,5.844364609237955,993.9210601249717,8.603215703294321,No
18.216161028349973,99.76996001261689,18.215403232878305,1011.0546755015424,5.702691400361937,No
25.974675787331723,54.094504178877834,15.079238071935679,966.0365406119743,10.548342746103568,No
28.837903953853864,56.11096194637404,16.09813553682877,1017.3645417474908,58.55876838726125,No
28.03922519005201,33.089905695333535,0.36013111200909,967.925325573928,54.43448876343211,No
19.485386189211198,83.58476389999436,19.25620714148052,1019.3949590510157,23.374079203674427,No
29.24358442695072,75.49457806251908,14.533419841406465,972.9598160753968,63.777414184559156,No
19.744981749936002,37.66156902310083,6.095021907722666,961.755130015022,82.00675020556494,No
21.507993963185356,26.590483649267416,16.58789329717694,966.5284490142957,4.157895984659376,No
29.92982810236048,74.43994416597704,5.630423968298599,950.199213521907,49.81299435480424,No
27.992657980944294,72.36089714249081,17.455076791322558,1021.873961785353,68.93104121026903,No
31.98446820988356,41.86076215985675,2.2516078082387403,1023.2401049058379,25.23119270696871,No
28.15225784600687,96.06908498003283,14.073719549215916,1001.4933349913259,30.77709052931491,No
26.36617206670943,32.08463134247202,10.813969532898206,966.1362801055384,61.36379029893838,No
16.87349535656185,54.586784083408155,1.9306894039088163,958.355433751069,89.7935293443737,No
22.35431606118867,95.4892736134079,4.83787656517678,951.9128966437287,80.99244203028994,Yes
20.30404735363451,53.57818535408978,0.2480807255462958,966.574817696522,58.31302190995835,No
19.87979286758167,71.08207581312683,9.375359309290117,1039.0855534983148,73.02217177572491,No
34.46021109504891,51.80755183702354,6.0253052152000075,974.1536841701682,36.482247020779866,No
22.861954493335208,41.937216187893604,11.967149685955176,985.4271327217216,64.09655280987577,No
32.84093110354227,98.71821183678625,5.944756154172344,960.5345484481334,46.6181591127557,No
27.622772519945258,52.74672050520344,5.998382230139693,972.2361304748171,18.993613645756092,No
30.896226070832967,91.52793629433076,14.863863974632068,1001.9224570780206,70.17382738772572,No
25.052741862103844,38.39636847128689,0.962856719567069,1010.7752683095653,55.646463734882204,No
26.53807769252718,37.04837632200666,18.057899903839743,974.5352314166211,35.86215819535914,No
24.850353876377277,22.49072663076091,17.04527748782363,955.7732159225117,91.13391900786307,No
18.90485975596089,72.13334603007081,13.35609366452813,989.1032869127399,2.0934117826733267,No
29.44904230523011,49.48210749790089,11.864431402147686,973.4203370926334,31.5773151249496,No
20.615447248817116,89.14865998717096,17.846049962793046,971.9553923229802,5.688139777764656,No
15.486319328629076,57.85679253532457,3.706603590574289,1045.9862802713455,76.65273162216272,No
27.909445918143355,97.45547423317774,1.5793832438165722,1011.6300485925724,70.21074541137926,No
18.542213588140978,34.84204125624969,4.790203398190762,1005.6878443172096,33.13522187363171,No
33.80917168705828,89.48985343644887,15.891565574003806,991.5775103523322,67.5662902207073,No
34.07857154005175,82.12774822333934,0.6934053345296665,992.8944333430144,39.593722619594985,No
33.29728780440897,81.67374757152416,11.656136701669793,1004.090500383808,75.62537914224343,No
22.403174005108887,87.58265824935101,19.908750323826197,1019.6429807036108,45.41836627367061,No
15.309132330577349,80.88191927543991,17.113921876750787,1020.214609618183,41.22797278316656,No
33.566371251754504,70.09762573051323,10.428913780871788,967.169390770545,93.4729915488301,No
23.563682966346285,30.499590214591006,1.2728181857328469,1000.0112752076627,25.087909989070024,No
34.33309638087339,22.602094359300153,16.627470287714196,991.1958095034101,12.044733999656543,No
34.272399541785056,93.66782782525495,11.97957016354421,1037.0526966269383,58.45431132594582,No
32.060189109347206,69.33202516165905,2.2986599411913367,1013.1418921218376,96.93218122841789,No
20.888977841391714,83.7229832780941,1.877145696467124,1003.2504066415981,37.783921372718666,No
22.701954572038506,58.52178812100401,18.19253638873185,961.5394642178917,6.203676362878152,No
32.02273343033714,29.38465511699156,13.384005258761569,1010.5637889323411,33.93052673095674,No
21.338440103125553,30.014863376204033,16.58573598633511,961.7203905680234,50.593165431955846,No
18.38985493372185,74.84522297831771,17.579578005645345,983.7206575565752,16.19230066322137,No
26.136025249167005,54.424471591957015,11.435447040966444,964.2841964814332,65.8102218056492,No
33.723095483215616,36.04197813602694,10.348927035100825,1019.2073647024368,99.77493890102006,No
28.92059593349946,59.327563739314954,8.608548206419805,970.6252113836152,45.17394759814438,No
26.4012234017873,25.13671496601073,6.338931755822386,989.1859373188026,35.472855673021265,No
16.943529875415372,66.5577121531519,8.691919217174235,1039.5674777618779,40.070416683446666,No
27.300144533983396,41.51947235480782,15.477593114603128,970.4316383398971,11.514617839520113,No
34.801077002085265,83.80472805097506,12.03846862030263,1000.7805063958779,88.32736014262238,No
17.801680304730482,44.8289567138859,17.850465799096924,991.9271661166022,41.4825655521352,No
25.366593047274733,56.4176119265441,8.867600287583755,951.8124041045729,38.72744114248413,No
32.54746143855911,20.92964319264805,12.14179157437508,1029.2758113572813,65.96902729304743,No
29.815372355084087,25.795751023564712,12.626151061839774,956.90459063146,44.203342093112354,No
28.94031481990536,51.399484512534784,11.83394324612651,997.4255020976954,64.8233468807846,No
29.049681679742186,58.39510677736988,14.052675461710326,1006.067829493895,6.144629013078751,No
22.189823024395103,68.0016438495443,4.748669367496126,1012.8426456614587,81.37233437222274,No
20.871836885289866,43.33300629674426,10.247275550915813,1018.8631629307876,94.05039528794026,No
31.187223109570272,75.5985508901234,2.0844960561669534,975.3272383522715,64.8765386159386,No
31.202267893583617,88.80979177513636,7.690226552896251,950.997877665845,95.45659288588108,No
32.341446371602075,82.38807911146799,9.753341372425288,1022.3443662354912,15.143231436996329,No
33.26481105112943,23.16950602786857,13.04448519090945,1003.5656599347578,47.74161894803537,No
25.226847977218757,58.44055578062631,19.01062105172407,1033.6117703207249,60.180673394544726,No
25.030325893743992,28.39441427345399,12.013021330967117,1032.1388362900693,58.17366474211867,No
30.965903579335503,39.363601269002196,14.871878323531195,1034.3326167787884,40.14617790890432,No
27.999278615555305,98.93300746137172,10.125321189904055,998.5094659979541,33.80844093662614,No
29.03933754515407,31.39964343212106,12.682080627526627,983.3628395836865,12.68240225504188,No
30.91585338872202,59.911052276108485,1.4186443226754686,1029.155820259137,39.17424505622782,No
32.800106836351326,69.45245874544952,5.08783161683694,995.1294113029255,16.266081510548513,No
21.759903137030715,76.19719764352831,7.237061864102774,968.3442196403435,73.43656764922184,No
22.51165905279888,64.77189467895313,9.449867100130271,1035.4974019561473,20.883093549458998,No
16.87963879681738,20.781667793534695,0.9129749100476747,1038.2559876772348,5.856530528453385,No
26.56560281992348,46.11690465951935,2.8004819510663537,996.630975614017,55.236613781723435,No
15.718845475934842,61.416931470776916,5.536286155826115,957.5699727309787,59.52297327194016,No
24.311960362649202,27.02931993158667,19.430653818021014,988.7826089916931,87.19130612805056,No
25.85289269415153,48.050154496734464,6.626940142061015,1030.3537659462604,57.69816124176819,No
20.730825042565687,22.656248703309323,9.64082116224165,1040.1774028546229,34.54808537234457,No
26.816665211380215,26.28627977240166,3.9219542547678587,970.3472742497596,80.30118815263205,No
15.610004998780989,51.75386209612768,12.215601421515366,956.6973612025272,54.027889318742105,No
15.746963774984287,30.617260323444828,5.613664310319486,1037.7350453132838,7.928028463119174,No
31.452011213193167,65.40326786092464,4.1398515687685356,988.9404938978876,56.58505603132467,No
22.20381282822526,75.15719753098125,10.33145256891958,1004.1760964267563,90.80185454216624,No
17.541210253037697,84.04693592872663,0.11011598320841642,1046.8065812050759,39.631262549822054,No
25.444865201096086,36.012019539584806,0.15328065298450655,956.6564727914223,29.632580189980008,No
30.399871061972217,33.398606580725584,4.3813761820371555,1014.8318007452095,14.346945701802005,No
19.316420549936865,28.36542722675202,0.7344272500164228,957.4105422574867,15.144552193535732,No
27.457809516380003,70.91441996349093,2.1605150826138275,987.54689284665,43.27714843418189,No
16.70694929987536,76.5180581189521,6.777212986775032,1030.3814545193447,59.56798241615295,No
16.033634423372153,22.526891586051363,16.051713591596258,993.3472232755635,8.061540516960175,No
25.62709263136296,94.89697969949519,11.440972867386016,1049.718235390295,93.95685890251657,No
25.81270243220213,24.157702692117795,10.253354519128328,1005.9059284946602,75.51336174451959,No
27.748598029964132,63.30370682408564,5.869776464162433,982.1162152635953,58.66239182836627,No
29.52182667445323,76.72484155607332,18.635074388656328,972.0111325904753,82.84386709389908,No
34.517041589250695,89.67752989968685,7.940300824743833,985.0520534286162,8.01867568121133,No
25.326006966023904,77.12695457059422,1.7418553359154298,987.2533273759551,47.68388777331244,No
21.45912945882492,84.13824664558335,12.341330322356026,956.8713677723961,63.00931268616634,No
30.90372389537407,47.15601540342448,2.276767869532028,986.9574199426773,82.86529061182893,No
20.416645025241486,85.18600909972098,6.904462856033842,996.4238519739225,78.34695600492677,Yes
23.779428414112722,26.409187710774013,10.148238774356177,1022.2737752238804,27.706924971339962,No
16.56912762684532,91.58533248484221,17.484450493703516,1015.6729484721608,94.08801695592042,Yes
15.50701486830915,63.8073900922989,9.870931606802372,1020.8765655229154,12.434584143087035,No
34.2529682935585,85.3838215969995,14.045175320633286,950.8363681876857,87.51336186211522,No
31.719602410244118,56.18546276146401,19.856336779981408,971.7667399580536,97.09402496046185,No
28.91948412187396,71.48621561572199,2.6297823979596324,1016.1684288399856,17.715352322262557,No
23.179058888285397,62.11221287488905,5.49463051039039,998.3989368179747,72.20660642037853,No
18.465886401416917,78.52716174042655,7.891521511952928,950.5313475668346,4.028551877799846,No
18.12874085342172,26.530398562447168,8.436563570776627,1030.4494642431823,40.542282513915495,No
20.004857963291904,24.828166719245104,8.220421505310915,1027.2809573290338,51.6283299197674,No
25.984533294122407,39.768258720811716,18.1522200511311,1004.8419162993563,58.064522590963406,No
29.291918454001248,32.76357440905507,14.280652889337128,956.6463325776272,93.59372482485595,No
28.203947534354626,89.74268532737614,12.158104281814076,1026.6515049532584,67.22506872941946,No
20.598677938918858,37.53711898864354,6.187454357255642,1008.3713587731364,48.1277951219237,No
34.097305613263885,98.0692204655305,16.475807684425895,1028.195997715796,80.96750362658894,No
29.75793833391537,46.951663341688544,19.101210229699777,1025.174699239584,95.05328209544089,No
26.087081050228015,34.569433255095944,16.42396565100453,1030.3002071957837,2.2066148682290843,No
27.234414924687044,83.17588057139832,0.03130210382945808,1001.8008066404625,98.25212722560387,No
23.3920012485558,72.69662204007008,12.72802740366814,964.0324518193515,8.613213906368033,No
19.95461979002315,59.85565731625112,1.0227076288420145,1017.1157473379689,81.43867792687614,No
22.119453573025233,64.42908407501051,5.152144406674437,1012.047378505197,28.033475255141248,No
30.15692220928738,77.53614226178111,1.1904940069554337,1024.2253187199087,13.217965775387174,No
15.287869772595117,38.2763793065039,12.075909058987754,966.9881006050736,43.98556397138349,No
17.321452810138325,99.70671328453935,13.731798269852135,969.4975199900289,64.39565794476135,No
15.920052840435055,97.98345297174265,2.2897527613181023,1039.0409517219327,38.0951845023475,No
15.814576046379402,72.02605490775495,7.67677766089959,1024.997779845207,5.456540828269896,No
32.10921168022014,35.96339607433161,9.124730179110841,1040.8228488700322,59.94611396587166,No
29.073157187600472,74.41825939450331,7.381060435218332,1025.871532116392,90.24032761106747,No
24.483476581746505,25.775872718334067,2.420500009703861,1009.7155305990302,38.32153659472517,No
16.95668321302003,22.452200176464487,8.378955803749509,1015.4132737027874,21.633277763082702,No
24.832317502336647,40.6146310808971,15.023560956168362,1038.912792394001,44.25773459328154,No
24.469435415611315,57.009836539145304,1.4201532906651093,1007.8806754511941,4.836271104878087,No
18.464037398200304,89.46180043267044,1.603600281638069,1013.2391324328387,82.04875844802748,Yes
23.67703298475946,78.17352558130465,7.095425836719684,965.64767160036,82.63408109501867,No
22.97009468794747,79.41652169599848,18.834514232378503,997.3921220116102,58.800046342962844,No
27.31700196104433,54.03946675584603,13.371452934458281,1021.6397111958099,35.31028889383895,No
27.701873017352874,47.674799403757035,13.573399133451296,977.0942698316366,79.97833644457833,No
15.90608019544089,49.683101038768214,7.238399816757299,970.2254180524535,55.46870247883672,No
22.492252292529425,99.01196509888463,11.873215824170769,981.3826808224416,82.59323085500162,Yes
27.517198314284727,23.2087353129986,0.20262368055486757,974.1500627992833,63.14587925830206,No
25.062725171601755,89.36251968979589,12.721920928190844,971.4912637036396,78.44054732127972,No
32.12979682376644,66.29403268579148,18.265738951524735,992.4850842868087,59.856299321776,No
28.173872632378902,55.08923353516724,12.251469366896384,1040.7838513883535,41.41410682156662,No
18.258688541628594,78.02061283321092,17.473971869326903,1000.7059646738718,95.79458599261376,No
16.411374948008596,58.93351531397623,14.479461109321877,968.7920380815323,54.11138248788448,No
27.84838556412631,89.87385904653284,2.411168328073805,957.6971669380874,60.50895185405384,No
15.530226210832437,92.05614912090068,18.049066145716836,1019.6156145137925,22.048763941474924,No
26.715511625469265,53.73767414987643,1.3288768871154977,988.2798764436388,62.565078942727645,No
33.80460482849915,42.14622377880413,10.679349450955275,1032.183094658536,57.160764948294386,No
26.50948355751758,67.38802628746897,2.8427424758691533,1015.951076864077,18.483839794702494,No
22.763398524130437,92.98906764933528,0.2341322146180813,1029.6241450541368,5.958709735314372,No
27.865764368847064,36.85297512045332,8.44068520255278,977.1946039418449,60.43593197147711,No
24.165057809830333,69.83732668507862,5.900814153083125,1019.2358922461058,76.36922693503206,No
25.9123357863187,70.52481760740164,9.72000987595206,976.4061984693719,52.34013709220082,No
33.8292961755305,78.64904179322248,11.543997734691017,1043.906847945029,22.67726253196457,No
22.722052756015486,30.525414810180784,0.8747814461789472,1013.6374281533374,66.65219766930349,No
34.22381127647829,77.26599717456708,2.4600659024749127,982.4511800175342,8.010572660960225,No
33.107012839121275,92.72260165325127,11.172847929008507,976.9511862292272,44.183370480195464,No
18.915822695785927,34.37464870961936,6.863347063453165,969.0926585071644,16.33667583984202,No
16.38722601750331,39.00346599391021,14.58346975098896,1019.4640958893727,18.445905105988338,No
17.01556002754853,97.71160752333117,13.045832971838793,971.8715612997927,20.229394915820365,No
15.364436513030995,34.47815621675918,16.912087259798135,1009.5303265927489,38.67070570439779,No
16.88885921511857,88.35080746956633,13.849856533384505,976.4635026925357,5.115020562039763,No
28.660135468327137,59.38222851584278,8.598621547802964,1016.1968944793869,39.77934409290982,No
16.42377296920458,39.778485952254165,13.459332447888649,1031.493972854054,51.170744711470086,No
21.379512605875227,89.65999210180091,5.50762348510837,1027.8025243144652,48.329428496632524,No
31.89750621938909,55.62442040021324,6.126269975564254,1026.0851330930782,38.27841004030405,No
15.465438714716518,61.18538831437522,15.779703198415866,968.7722405692252,83.91466080707525,No
31.289369651778717,48.73866955198125,8.928390328031643,958.8384946984519,14.53266924205041,No
20.637095495468,67.4360681147942,15.96760681036705,1019.8948828487386,50.5696743781374,No
17.363296552433127,33.08190980680182,16.44844747336557,986.8347213794351,6.20414169565543,No
28.934743307283014,51.286522932140855,17.151246753225674,993.2346226403347,7.1155678877909745,No
27.578856935597678,97.552985786823,18.332704716824146,953.1149092793391,57.38658496770963,No
32.549440270541055,40.6506746160902,8.619704410265925,975.9576449275049,56.6018424887821,No
29.701420876077716,72.53893316330337,6.377336366422776,953.3676403874464,87.8033512844457,No
31.06961860769697,46.01520513797559,11.643974931882276,1037.9185772601247,55.78736756600732,No
20.64069145142613,81.87785005492805,7.423448468752552,974.3396683218531,95.97910204048502,Yes
18.548790875594456,30.469892857467986,12.021483336004659,1005.7337169573008,4.869484839992976,No
30.012295032817168,97.58568360628358,14.111717252876492,953.8979320661131,9.800768478074106,No
31.13669478534528,56.30316331069114,13.768100369842738,1016.6847391305658,4.40658615703814,No
34.81010284001347,38.88403706771712,7.491057740402427,982.3027345754094,18.527685033354004,No
23.25235353822853,25.87973978640101,3.3372040339750564,1039.7919186957665,54.12701109416781,No
22.440361715855666,33.58063240700326,8.61058676924415,1038.8118188934036,64.5572181427428,No
30.528259214839935,61.58191588448141,2.8518828816381747,982.5290618361748,4.55851579486688,No
21.816070805060356,46.9602541145029,17.801940703676166,1040.0960895690469,94.59708898455993,No
33.61514651207129,86.31066927060876,6.917549214757148,1049.6157673498778,84.2165376650381,No
32.16825503686024,54.47100189294447,3.0891949444664757,1032.5415664123948,29.661248215709314,No
23.579880547500366,39.89714180701039,0.5089551981150175,1034.487134775523,7.718753022646796,No
30.017421355829946,69.37159892832241,12.916447725729686,974.900873610909,16.98870732190573,No
30.090857481693646,76.54217735083566,12.738046349094866,1007.6702398857756,12.694441375497266,No
17.062477376718654,33.36335263207599,6.812083331625834,956.7255913967368,12.328377929894685,No
33.05105813359133,33.40953730306541,1.4342377769530201,959.491793682167,51.85616886657339,No
25.105047448957144,22.933714154683436,8.192577897904641,1049.8892612033292,24.58474424934003,No
31.529149322154833,78.91216120525124,6.224349901267871,982.663924942591,35.81397165291445,No
21.400992020612236,73.10436220974441,13.542412794700187,1024.8183912048846,98.95053333843225,No
32.91046456992401,57.97047005998511,12.115584989053808,1030.6665053026816,68.43142489253448,No
22.784033574683264,87.53363591753578,7.2918745639508,1035.802327100723,94.89806670470014,Yes
15.216753029605968,84.45361223600426,4.357851085099802,1049.7628297402157,14.255655503311559,No
33.10763952838528,66.82834915174017,19.760719323111836,974.1496485256868,38.21394748325693,No
16.82573353572267,89.4617024410607,9.080032423922297,954.03508268597,55.47318032823543,No
21.3862727518083,36.46729680294146,13.76548471560474,991.1191517994586,7.675806188873802,No
34.0012393410161,28.95356955181823,2.8110593515672155,963.0080669828947,0.41874436279578653,No
34.012142938751126,41.57996892135917,9.711793993187957,952.2425889162055,67.04343337969175,No
26.46875776246572,24.56694848714519,0.5507343973893097,986.0426827141487,64.18195168014353,No
27.636744243395984,62.49356224008256,10.109102358208998,1028.3738251075235,41.07888099996118,No
23.968910439566393,94.92845538359691,19.280348142354047,1006.6180691225071,48.96440760320326,No
20.86421543396129,23.14748325348077,7.6841342597160045,981.2777989210354,41.54430005920896,No
21.57329090739832,29.768793120802144,0.7799202514982317,1015.434200549272,2.4005044844888856,No
28.450369121540767,56.175922262674824,0.6191158183868706,973.2018180308811,33.537160621746246,No
30.0474905887536,94.7100014022324,7.75973519893739,951.4381446072085,17.708225539728982,No
30.83158087451697,45.29248839814004,3.200498729263881,1026.4353386436428,9.842418910136875,No
30.792362855891078,60.57878469507139,0.46704192656371823,1012.3743084864009,95.67204338893498,No
16.824122060973806,23.325828724031368,15.124272279003536,1026.230262450096,59.935972504216565,No
24.88840609405163,31.86745607696711,9.170460177637814,953.8938016687665,72.86562842366027,No
16.151175200332887,98.93040983670775,5.7848954394530905,1033.7119627830652,31.53637432661175,No
25.990577646474712,97.20949571488364,18.001663660329616,1011.9526200036303,39.31471294940152,No
23.83061002746754,20.395198474752767,2.322779204010512,1006.339535071264,23.692399389672346,No
32.754083655166,96.14494283385912,19.118376579106386,1012.4614048114531,9.696567096542474,No
22.018300251041573,71.12959502524004,6.279334347547056,1036.4433246868364,17.90316374415838,No
17.341340328552118,89.43346356160177,17.768073446173624,1008.6936506558907,79.75140452964858,Yes
17.859833641056717,56.379188450708725,12.05885752958923,1008.0950379888179,67.75458051837758,No
30.230212634349446,61.24768228634002,16.53414719482975,1049.0679157065765,54.69288759854769,No
27.364361266325222,59.10772642055362,19.680263264209287,1025.6730167068567,47.508987286676806,No
17.022453522455805,73.34914060368834,5.7681087563749145,994.2293805451135,92.24342836561244,No
16.682136122299948,31.172100380505032,19.22270970815186,1020.7397000032928,7.273494777866841,No
29.0193826291824,22.397887189814234,7.789637898048407,988.9230471691789,28.060081323791596,No
16.45526012728387,44.63439532729527,7.710238094738447,972.8875462483498,34.9937853570714,No
31.437201185807126,76.37446101893174,6.807742085090114,1009.685187688776,78.24258122127878,No
29.124844543129925,36.14827616983587,10.828152146951703,1042.8182098113953,99.25146201619714,No
16.626975612837995,73.87459466599338,3.082900863569742,1042.9139520015462,24.067051475715306,No
16.69675428170384,97.59296368858163,11.074229707160224,984.190527810549,87.43073341370805,Yes
34.73279157002351,27.512057263153473,10.83409624820008,1002.7677466221695,83.06227604317912,No
22.485415915122406,73.8081694580101,15.2380362520974,971.1635898569862,22.46573976417666,No
22.412842941337818,55.50001754436569,16.67299923875171,1049.5631109498884,39.933258019922256,No
31.25599134515005,89.45138035020042,8.808827006248482,1048.1117907867936,40.96728692925191,No
33.94497154767717,34.17198315579087,6.0466649870298745,1014.9508929707447,97.82206685265584,No
34.720021276457416,75.41007617809316,5.186697946341889,1030.4414059677474,18.089190137889833,No
30.067563705178834,87.04922317184882,3.8924767340974387,1021.51001612837,79.91579711047821,No
22.525191710618316,95.56913755792186,1.1529516439804977,1009.3158219039468,33.419271417310995,No
16.670014333973377,74.65984226317167,6.848959576694266,955.3347996988898,73.08703457761604,No
30.542938318548735,59.773981120674186,5.404953842615665,995.4764342552661,42.001100429566286,No
26.1680849947161,69.42777921609711,19.328347717328146,1017.4786302167411,57.835976311654,No
23.484440184939526,89.51239875829745,11.154176525000878,1017.7531613883684,83.26117733261312,Yes
33.12708770189472,65.64877973110637,6.945540780610151,987.3122618422384,80.41655649838842,No
17.223949646123028,22.43096477574695,11.60935201987392,1044.1691986658032,86.64231835397001,No
24.852502085817182,94.47589564055822,2.78393402691391,966.7357032236781,5.961732534465902,No
15.227072895348382,75.1621400825249,8.880874984044059,1000.035944621556,69.20505530397449,No
24.373212839882527,74.12107086217972,12.524686428421276,1019.0883976550823,13.998737672176286,No
16.126065513636746,37.254012191817374,9.777956635849028,1019.7135805891809,41.5818568018411,No
17.376358325361437,72.71083761861257,8.035576013086486,1014.8638956768816,54.858841505468845,No
17.350524935542097,51.50915245233268,19.876967777993965,977.528821345186,40.273948474683074,No
27.984206042321272,72.09863816331936,17.60629524297854,965.6206568686622,51.961167580300746,No
29.920897585308467,28.527442424639258,12.468119163188803,1013.5940326826711,99.65263087986192,No
26.667375301943192,72.62762436824289,11.387547223645655,1009.9302116139438,13.521731371285473,No
34.24345096949084,99.95309806165332,12.413209596491681,967.9356010289241,67.54560453364256,No
22.49741159047408,23.856963108844482,4.0262421564486655,1020.5139145570563,39.600096638561524,No
20.714241725637216,98.17393473770538,7.902754865286372,995.5171991733656,13.300979890732878,No
32.3719825637892,52.55263685782965,0.7891906578179864,1016.7760591603153,15.873676337430954,No
19.47191677038905,89.66027602698074,9.510920749736533,1033.7367079770152,94.92731062456168,Yes
34.264450788812226,82.59083872466188,10.860491679153263,966.9728428576923,87.9601496711762,No
15.243089493796326,65.36130087893342,4.554994722064192,951.9144867996837,90.70419604150219,No
34.397576534152776,79.07593674010613,19.280576943310276,1027.9102586395786,99.15327758273865,No
15.863198239011522,90.28124490410784,18.18909221874484,1010.9697425152616,20.831539000851794,No
32.82286227396142,52.331225732082636,14.442864709118117,1019.9639569622121,35.543933736406174,No
25.554022181725998,46.16265292505909,10.667732575307252,1033.8154974988643,66.92190299248666,No
34.85929592238601,73.40747084508678,17.3993831929537,1030.2810934824502,48.38025398606472,No
16.475931294707976,84.62767535530068,2.6130468764692583,1046.0920146928825,41.83895333783335,No
26.077085688026415,80.98281078212926,15.8101958854977,1003.5935078852118,35.781124933559305,No
34.38605071238198,83.82509190869075,2.496416279336966,998.8495632659906,59.37806319434522,No
25.461956883402976,54.84666518503464,15.884213250988108,990.188719989073,57.5593428640082,No
27.58797276270525,85.42673729400173,5.515351365027139,965.3691042844205,16.14578340642401,No
28.914973779692343,29.616724429648677,17.541811620363777,1007.2607232882023,47.173983751843906,No
24.090821295355465,63.559127836867965,18.880841876507958,977.7012524325979,55.347177620984986,No
27.55116160168127,20.460692839849727,2.9759193881023127,1042.1307512212975,57.02869387313905,No
26.686286238462003,45.96686639202162,9.25351210130787,1008.3190804277098,21.01071929123518,No
33.02316020981978,49.31692278971183,19.619747563253704,1009.284018050811,74.22713922522868,No
15.908927606829158,51.69381532874043,9.668148719462932,985.492466087701,2.5199094821069634,No
20.619263791844606,75.63737653518898,17.270950450290904,955.1989351977708,35.483185554316265,No
34.008229681531176,51.08464810162766,11.774630442626396,953.1743765372988,78.02126485356335,No
32.80527567781833,55.895489809802456,7.506598158392038,992.3335144153198,56.389292105540235,No
24.11313505571426,39.0035304699462,5.715671110517404,958.4565378097238,26.116243251086026,No
27.402651956030734,49.860143330347206,4.064461821721745,1010.684695554014,69.49531193430477,No
20.54762365962265,38.181570181052116,15.235963827553945,1038.0973005639657,56.73909441560734,No
18.762423194475225,25.85567390147549,7.7308101364605575,1038.2914816518721,79.62436094563871,No
24.273968098799642,68.27588747051024,10.225509244015022,1015.9045410132233,73.50251861898234,No
22.067044560521055,73.45702388440131,9.846509600023639,971.123183147293,61.01079220362347,No
26.67312223701744,69.55922768076917,11.545580584662625,1036.299683135887,48.8177675310814,No
16.554692739299696,57.07952350404579,17.311542912491046,1038.6093435313207,13.31821256675234,No
34.487896153323334,50.38286241433838,19.61478687166859,969.6653584952959,26.133301788538375,No
34.72421488959206,89.06669196574602,8.151684171476338,1023.7426085770677,41.90994729170853,No
28.963234280394904,61.526542810897446,16.55037844212606,978.6519548927123,59.92992870063887,No
25.72192732688241,58.33455021037848,15.290555893094353,1030.264031235293,51.37078552153048,No
21.190552325726557,22.051365264514857,11.470579029111466,1049.7237899903603,28.818452595952948,No
31.275900394138972,47.299826210092505,19.12094287223866,953.0026005329393,0.6464357789710551,No
28.694623451077586,50.41564950286856,4.009490310568056,1039.7365865790932,49.623922190081394,No
18.252338786897827,51.90582247175204,2.1852842061924282,1012.2630533598658,28.56259885622431,No
33.21854368987685,66.41378953818659,17.079239339108444,1047.3382619164822,73.46083007105351,No
31.45074485846338,62.68820373815028,8.782996332674966,996.5009517526428,2.394626527048349,No
33.99599826583848,68.63240742347557,16.93937708414121,1034.7387930571374,58.482781130579085,No
29.5143901677672,81.19066092337026,17.861804103908298,956.2394068598277,94.14742375060654,No
27.268303918715798,85.03885909728749,1.2491518723814288,983.5279050078295,17.440926711149952,No
23.364860725812377,77.44984609811955,17.669295259721213,956.701653775121,47.16494907505954,No
33.65456966708027,96.44189567639478,8.966381107388443,1047.534313347907,9.142199181713817,No
32.32127779000817,21.45860661410893,10.208649780084645,1031.6973907271836,62.56819122613526,No
15.904373402123788,35.662238854683686,12.531850221864204,1035.254742124597,55.05316805962256,No
15.52733948994504,20.605029998251368,18.527652134601734,1043.7965231433893,40.736552421283236,No
22.52926733756099,71.79797713236823,0.3823218885952806,958.5103486119785,52.13770214737412,No
31.211066615636657,91.84244391599896,9.536869366356342,988.5597592513334,89.65746584690102,No
34.74552258629889,39.47858372610394,13.754440848611214,957.1034889044003,19.629430231106703,No
18.008337822070565,94.16276358370453,14.454139153964569,971.0793101550029,2.2564511705347234,No
26.8826143070427,24.821391223164866,13.85064863074216,972.9365777037673,86.16648846991009,No
22.61781713262043,94.75488214444114,2.688702588162437,996.9107211047578,57.71170823879065,No
34.398287956292066,48.12981497917075,5.987911767433625,976.8562167453642,89.06584554618424,No
31.842378462714173,28.11366627593732,7.17431050834027,960.0978106817761,59.69452234131726,No
31.766574094222758,58.86974073490605,16.0887441535901,966.7491089094108,81.01610899597024,No
24.373863195899403,40.542125417640634,5.5751974482910605,964.7275563552091,42.967336335514794,No
23.296390046753302,42.78983215695383,4.214099277344063,1047.30767979123,74.98599312882688,No
20.468141438614126,44.58319719410292,19.148960380761924,1025.9292506918473,91.3041466889856,No
16.127509933018544,84.24207182661307,0.177265702269378,1046.7761465269562,57.21229637222063,No
32.29444752510106,63.132902134020355,19.956417113639564,993.9740486507909,18.078515056237954,No
31.258020182601552,44.90461593248029,13.536425977147912,977.8368481662657,26.879761503019818,No
34.99435346572261,68.82670266487347,16.56938598898234,1029.8293197209186,19.86445768974058,No
34.93273674147811,77.29205393785548,5.892387926923863,982.6253918041147,24.685702759573292,No
26.10863411205255,41.8099200586827,0.28630555334119956,979.9383373705348,30.64154493510364,No
30.37974830361021,53.08392812202812,14.757390371230601,973.2505992207831,55.51337867531885,No
33.895314597648564,29.750887466955803,16.682891940013516,962.9678978224235,58.79916294638328,No
31.99294781354823,34.491947962774425,14.809522639070384,975.6463061016766,42.649974724186116,No
19.94696203486395,74.48942831719862,2.857005746016772,985.5319748473887,61.54207798208354,No
24.01088270620187,34.515067815650156,15.06855844513938,1017.399420814573,8.157492561136593,No
17.5831883030299,62.01307069336481,15.378455642152819,956.2564842219451,8.778823705815997,No
34.08102054517445,76.72370093779462,13.170810313401098,971.0506939665343,17.182946035765845,No
27.123492689017603,28.55015384757951,15.322318655911724,1030.9023640291675,51.80774980403447,No
19.572856110069253,65.38497757031229,16.918428793554643,964.692192358377,21.399467869831355,No
28.434013688117133,40.525022696109104,12.272082284749168,984.2645146522522,28.328440349257733,No
27.362564809157917,97.03415001900639,1.7720942793935812,1036.465892185814,40.03128361729941,No
22.163254360656808,58.683651737593976,9.752556193344217,965.4925311143443,81.18661240103798,No
17.27115184399258,84.47940398201266,1.5529866934321013,958.273683561819,1.3862135912860118,No
28.431463911855992,64.01812337250094,8.150860620648617,998.4537995080011,64.93788202366224,No
25.406154018075867,23.473002628385533,8.142129782512553,980.2419511278537,66.88765310406853,No
30.446367834712788,70.65211004752179,1.3201968828048316,1006.3408364483854,79.86557803566366,No
25.403270022239866,96.11226737653256,6.976410679389586,1030.3804890483475,93.27529390603132,No
32.043630006370805,68.1289456117065,2.2199619758262967,963.7148488152743,2.0137848949289827,No
26.03813677548971,85.53510875414321,16.164704200184442,1008.0699084554285,15.378370551321618,No
26.218759430707728,90.73651706787263,18.953760519289414,1000.5508760389864,88.6171294055993,No
32.533072053166904,38.2463817559146,1.4463295051587721,964.4078786013199,45.851856218701535,No
23.06965732424794,36.96358719265813,19.10230414583403,1012.3998485528982,56.459063893346354,No
17.680304569012815,68.87847910807935,10.451531986734903,977.3640417860772,66.30272037231474,No
15.57565352626678,52.882277584536375,5.9913135590774775,998.7834318544012,67.90666044956374,No
30.10274511347238,87.18890422933762,1.5372415055232702,958.2272324277062,93.17404033165082,No
27.406191027069294,92.00184987184089,10.012485361408356,995.9584057213623,99.69494174116697,No
29.08159536198447,48.27371034421745,15.890310889814973,980.6463468042821,72.01574609309402,No
19.259283230178212,38.94964471795856,14.141729545333963,1032.2381211185354,28.72212092051508,No
17.727429511735394,82.44204121950895,1.0045202292794753,955.6978726997369,87.97524022943436,Yes
15.290893313357639,41.984482843850884,1.4580367073580702,991.860727491833,4.922091454076161,No
22.011751176131938,85.80914548109428,8.057465652652741,995.8431424131438,23.10808528744962,No
26.79835373709266,53.89906029190102,5.9058098809588655,1022.5006076299119,89.73857174637149,No
22.844880901994646,73.40399194331764,4.647686461120957,1007.4287575090211,25.619151443935493,No
23.749498440474582,27.642825106773454,5.620089978174272,1016.7212337194181,22.065105962174847,No
33.08317388987497,69.90874597412585,16.069654865937693,1027.7049285651756,13.812529314024724,No
21.965109340466007,56.14141429897833,18.58456107263708,1036.2202973658189,85.91117576469165,No
25.279789783196215,66.92867705403793,8.102053890551328,981.387549672247,50.00582591910867,No
30.67306025482286,33.441136619589074,18.122220042649943,1003.8022705363903,67.48932030541548,No
22.930855646425403,78.94989959553456,6.42991402495764,1034.01080784392,23.906638407502967,No
27.441734004557468,89.02376620345828,9.528739726875832,1048.9451130965056,75.80404210112165,No
32.2472741749349,37.33918400726205,4.520579956319994,1038.9519311043764,76.00055449620984,No
33.990412473152844,27.657164441612938,12.809520843516879,987.1467262624377,31.259802490830012,No
17.941469618580758,21.89108688370691,19.57962230349618,969.5166517218651,41.06826330102828,No
33.53175250322989,71.35772003546128,12.069861920867574,998.9392537406588,20.969027743020085,No
24.842325861590766,68.56752288710246,7.156281682270977,1024.1641451836042,97.65610233229043,No
20.164887765979167,63.7357930171256,12.956348919810567,999.2569070753298,64.56025770584117,No
24.182715124765224,38.555767689278035,2.4584135693077513,998.3180863313669,93.45438807155155,No
34.60065150570954,51.27247967244117,17.773181605307972,1033.82304210818,30.338554362913317,No
24.85236187985739,67.55810681489385,10.061679015596727,986.1403779067186,78.18909129968897,No
21.575032205750162,59.741348708733554,8.98699484079284,1035.9794674811646,76.5858643884742,No
27.668017086334515,99.02284161719098,11.717295769070384,990.6804800951724,69.16556518665415,No
19.802912375563864,30.91518020453865,12.495677255788049,982.8233105678339,96.56389752668004,No
16.51726656217328,75.6115643238075,1.4355161245302606,995.3989911199699,39.355533610631554,No
17.577594438212984,52.34550144834337,13.652344424468048,1026.2446958674868,13.07173235897573,No
17.56091677915545,54.25596919404918,4.838633606310592,962.6002027863994,67.17088592440608,No
18.038053870245886,77.4078212526541,14.279052650131796,969.6419215872018,72.93098004772062,No
17.776543452988204,75.39489210594957,16.450695887683935,1045.1444825663093,57.506057345881466,No
27.817494896064293,99.30047949617506,16.079170151050405,967.5491627381357,20.681789313339628,No
18.637601687982897,30.27154315633002,11.050019348157782,1006.7727317931054,50.445594166935535,No
21.913345666477262,28.328771950733305,10.403397846215023,1007.9314466661938,31.21897365691294,No
32.935768198120236,77.94710537029928,2.8575192267882343,998.9624462050244,42.746652816668906,No
24.479232805257446,66.27095336051272,15.506923008062712,1014.4745248576819,64.52185758446639,No
28.351154770420543,41.93285332478447,5.428187608934287,972.9826725797618,74.52147426908346,No
18.446397424032597,26.35354951911893,9.933908456358932,1005.2662267776748,23.22246909013431,No
18.845780376173416,26.852659967714445,5.685481858550334,987.2173255246897,40.532536064695336,No
15.817372325329577,91.53526997312946,2.676567259993863,1016.1667259629189,26.91615709916292,No
18.37870126144329,35.34938597749943,12.591153937834731,964.122354337315,19.86316138618691,No
20.57180678063917,45.86972496924166,1.0866406964580766,1007.0877416839476,78.33872199958384,No
18.540209685534936,38.13251217815904,14.972904682524,968.5270355383324,90.92526944369924,No
16.774050675141112,48.39970446655499,6.351735905222333,977.8643063115037,37.02321856845767,No
17.412717422012015,25.55390741968747,0.0026938600897064013,971.8709800323584,75.12789243737669,No
24.215575360654515,61.52478327266163,10.222582784744596,968.2837779868817,89.69952893644111,No
19.12667436811585,25.409005087377192,0.9370381705520625,1032.5710951560668,84.61242105302316,No
22.28539722096151,84.02852062578893,5.52339115641799,978.5707567660891,18.28133885392259,No
25.068345417097138,38.69696655283464,14.139529749114324,1042.712378186445,95.62918815133614,No
28.807896572587307,63.20095316836085,1.2537924324373173,1046.992652534519,37.66764404294625,No
15.786242796821979,90.40632700491666,16.78676984712005,1007.1260469937097,33.92406611738363,No
30.988207978180853,72.07018952377553,0.07639845317166216,964.3001122665727,6.2431327277780335,No
27.558007789818156,62.636622924106824,4.936477384038045,987.4548243379581,48.6173654104883,No
16.635180638977438,45.94670024923005,14.818081123041429,1029.7732263348214,10.90136156409287,No
32.47157248213554,46.64015304465583,6.325402994586136,986.739072869707,24.853982092742598,No
33.417448010636264,73.5589564158552,2.0378477613202706,958.7017218302789,31.694262176728138,No
16.221559197097275,99.5311488976934,7.204678376008557,1005.6784910928188,80.8826323491684,Yes
20.537552962944076,72.9471351879503,5.407865727690511,1034.5120851496035,87.54886503958966,No
31.124025595861227,64.622673389602,16.854238043211097,1029.5926387143502,30.246631746146967,No
29.965193807673167,78.45204081913968,6.266958351702863,967.5123140130353,85.86981212445738,No
18.690420387127546,57.21644898269745,15.778649435520144,1017.2764614412466,85.72309373697911,No
19.186986466734204,24.811387408062817,17.837442896214696,972.0504263435647,76.46509503848735,No
22.40944205582764,64.98374527023279,8.67634839153059,971.8207534552172,14.669511401518154,No
24.690459703820427,96.61002276043041,18.19886287708784,1037.4071773305186,69.0322846900729,No
27.36509543060592,34.02423538861277,7.546361079263857,974.966895274023,94.50240645805688,No
22.378272791395446,75.20039126565325,19.281568329802163,976.3247346518011,68.2540478767157,No
24.25069432266296,36.07469509272452,1.7857904905114586,950.0653390761299,33.16168491078339,No
29.94941876267513,62.8662147578465,13.740385330064855,1037.0669034125517,50.05793174308313,No
15.733664057811957,27.73411597173757,9.876280809138574,1029.2594813209134,64.57250433510536,No
20.048738886880415,56.02967490065481,7.752976109112941,1012.7328935090678,51.05704087285036,No
29.26699171769105,80.49306631161969,12.654237574972019,1025.0265763938842,11.995294173096982,No
32.904136753743984,47.80572193911857,14.077141832686625,965.2048567424492,31.206404465202063,No
25.233548842313322,73.19293795897744,0.08726539300618175,995.8323594587575,80.23960305536325,No
25.642269705306312,83.63599686317833,3.3390617749439744,985.1219387348781,86.14180460955174,No
17.14344022679552,94.17422555835621,14.260921012686374,959.3776526257017,13.730003271557024,No
23.948247336469095,38.77136654843628,13.327708271564129,998.6130485214924,95.23867523987246,No
25.652345329100463,51.94527326474465,19.320950102573544,1042.0739650342634,32.88226178486093,No
19.849410072694592,32.19328106643339,15.22075580501566,954.0059119050694,66.231373873072,No
20.38486461898762,99.39868017267001,19.01545415462676,979.1460913493794,75.18251459566811,Yes
22.545683262092453,94.16007743394363,14.05081003069614,970.7540936205703,81.19462346378835,Yes
15.401423955554527,63.196570422444765,5.9610441727888634,973.8146653665697,94.57497022259301,No
21.441583311663564,87.3626635501137,2.1072984450171295,1040.8434551879375,31.29195480288226,No
19.22896013993089,61.67663818176337,15.636477266898712,996.806905423429,85.85064545515544,No
21.54994704355829,69.88685504022078,12.882984429518318,996.6299412939819,13.168690343620703,No
17.395242636385024,27.12995456928133,0.9637202478659246,1026.0575642455283,70.50409063535928,No
32.8105456147979,80.42163363974464,7.201009318019567,965.4492204004925,74.19777295139859,No
26.871849071080973,30.217078690818788,19.135996309685723,998.7265354100051,67.77232412013204,No
28.582046382889793,86.08541042020227,10.008022914204025,992.998521412106,25.2314736135153,No
30.783424772146766,82.56224701363087,8.654582720394092,1009.6910690546656,87.30431470152034,No
24.968843978581145,76.69957581943811,9.15399210318588,1049.9557703250439,16.8858463370395,No
16.738405761748474,22.89283044198097,4.177654480103275,1026.9448894082047,5.363479152083084,No
25.742130836370954,44.250268475626285,7.374143417295905,989.7865703017427,71.74649906119122,No
26.736822360417584,41.04900559286743,7.396265119743532,1032.7553052274047,47.54757152327337,No
29.9087894836866,48.810912597721526,1.047100403749448,967.0708363312481,84.90980199586761,No
23.63319092459359,27.011419741107083,15.351352570358365,953.046368630896,38.3397141058259,No
17.551606055911275,94.95662584248502,8.33008863807758,970.4448372464273,16.827858850771282,No
20.67551811597449,64.3041792569901,16.443597736328467,984.041155611426,83.64421924698698,No
22.2616459279727,44.44194485264188,17.00696002239791,1001.058075745956,54.89096316400717,No
27.918344826632023,51.75852136594267,4.239881093973161,1011.51291405412,18.91957923903549,No
26.41556609337824,55.77620324038685,13.14706964340257,1041.060571721442,72.03839985864458,No
22.121934517956923,68.04754666884938,9.445636083259634,1000.9854009550457,51.111363848950056,No
34.730304975859596,61.25435421571982,17.6031347584297,1000.127564462573,60.431298224031984,No
27.115496387137743,93.55135785715339,4.314813583529082,955.0243009822982,46.089833820658185,No
19.74453583471989,59.75707863246642,13.556264006200884,953.4911552656224,82.87089838180064,No
17.035649452408073,99.372641185865,12.155042445054452,1005.1159961916372,82.95627156830498,Yes
18.057182783686642,88.11399661960766,5.906029551436656,993.8178613248344,70.93888218243862,Yes
19.919154567690164,36.680841148586865,2.7320180730234522,1033.9180394980299,10.540137739646227,No
18.213627465191113,94.4476171715133,13.032795209545531,966.0679584711845,83.88538619040689,Yes
18.731340481026116,29.309311830838087,14.771949162646614,952.497166211705,67.10129805329098,No
20.70190337387694,85.39597667929533,6.3125468752669995,994.9038767930126,69.70241660042996,No
18.467471905895096,50.4498634781264,12.896652080446277,973.7478556752258,36.298284040387166,No
32.935308492528506,90.23794563560556,7.902618152230065,954.9614373338837,87.92795561570067,No
16.604674913232845,89.44453520859602,14.264137665652354,1022.4598286847629,72.53716002348575,Yes
25.490227791405093,84.4740320094097,3.984305497881062,961.1592999957247,11.259046652919446,No
23.20793653979323,83.20243490456491,17.804300052723487,1010.8319500007772,40.77780344061627,No
34.647572338172125,44.37433112784326,5.748191929311595,978.104975016689,88.63803619601417,No
17.240778043361047,26.473542644100174,7.355719755123058,967.3496050355022,4.719670169737899,No
22.95711198091483,52.23841430121291,1.1618390416069957,987.9751522919317,96.14166196420496,No
34.389408665507375,33.88196119892069,2.230244246425528,1030.1445776222954,67.91625683195628,No
32.310142517879605,75.59608711219694,10.317238054246562,989.2093576904573,63.13759776433766,No
31.3414414189856,47.687978123022845,5.35185353455943,1025.0769649211056,27.05592564879914,No
20.158056540898798,98.04881606879319,16.70960451484389,962.548629679915,24.879178873917706,No
18.417751747801315,71.27776618762655,0.29386777309907686,1027.277141966508,94.20582194885955,No
28.37286439848862,85.79844509074887,7.581880973438723,973.6933324906648,29.827245423412275,No
33.587519782551716,30.601973819347876,6.7469109353818535,1017.7393129888873,77.55052967189994,No
26.135257860278596,88.9611585818098,0.3865526183520207,1006.5781554840996,39.31217982070792,No
26.432253789397997,93.82057524107155,2.4873679800102044,1042.9144717211686,13.925407078470398,No
20.599581873205683,58.96495350551487,8.272853498372704,988.7322517975314,1.071529769535895,No
30.389858663838737,68.5002350200782,9.857291688948933,956.6165188834441,54.42573370152508,No
18.74087497115047,81.18478407223964,8.085794945097382,951.9155485551253,97.57788185489326,Yes
21.473584728084873,33.98709018083301,10.618753568241877,1032.6858560972753,36.91361938092045,No
23.508728772328336,60.205286117075396,11.90263349811363,1002.4735637661432,35.719233399304485,No
25.1522075736891,51.89304222178505,0.1984764225567126,1027.524405183495,34.40916178494421,No
19.848194648301604,31.70991937297993,9.281903189070078,973.4425600011515,52.054383730485846,No
17.29673649478407,49.40275378332252,19.269984817751766,984.5083745513234,44.06648834242935,No
27.21240084883265,25.453784750839485,10.380645602590974,953.0103872211319,87.99146267270145,No
20.772611064805115,22.06495255595896,13.550845349179063,1046.1492324574112,50.55207917234903,No
26.624764428452245,30.81330313238582,6.237277158337664,1016.7867906700814,50.77578381885688,No
18.087254305484045,97.0492089271339,15.47982756305525,1043.3205087759306,13.83715947205566,No
24.62280203709635,63.96236287160136,15.458429637522302,976.5496407429073,98.27395409103859,No
25.651788651031715,97.2657728922576,10.425920953082779,1011.1463611225661,24.99728908688297,No
16.03647073644854,54.59983026641056,19.52027646558427,1017.8499968292638,7.336406745960266,No
21.732085563878414,44.945290646820766,2.5110042952530676,981.7549700257589,66.31462489752089,No
17.688293538779483,60.49134902721953,0.33895329779161987,1034.810923501563,59.53663701568727,No
16.267499409455354,55.16093509063281,15.403164235141919,1044.7161462900249,41.514565399274574,No
34.7992046477989,28.453174740939513,16.14311074729765,1038.4855117696004,42.2192233880678,No
21.44707689949446,71.2661051752165,2.404144582411525,1023.9066975939372,78.50639210464311,No
31.1974889170927,37.28305460076797,5.3116566591721215,977.7464679724955,19.571264009964906,No
20.092813095275275,69.56703639182636,0.3510472673325782,978.1616042105632,82.02533189448897,No
28.630054444478585,72.01608739185227,5.866172215611294,1046.3360320446038,64.87471138950181,No
30.204557197793733,32.16198825029185,15.46283747837343,951.0284495935692,41.89697737795244,No
26.912774812156886,24.907970168853453,10.359210554251579,1021.6049973242144,45.80286165838686,No
24.431523771003167,82.46092688547519,6.961911863365762,1020.6246162555262,25.66472071860958,No
23.23681828294537,56.78403390154561,7.434785898126606,1012.2689540949798,75.21143326969748,No
21.977365330859904,24.65310364043806,0.027072514309363083,1049.0108846086866,51.287474230526776,No
33.59058288495652,99.58930537358137,5.9960105513047175,981.1879435763725,32.08545427498436,No
31.612388155754584,24.62244487970933,12.92917483275861,983.9971863793248,59.60501157609502,No
34.300538213330256,75.60281830868425,19.483888876327143,957.8939402946555,99.5734452051323,No
17.485944469710894,98.69431402107308,16.94121653967799,994.2798136543737,43.52622796565539,No
29.617349504072884,39.13440833727405,0.4718992929105825,976.1048526234848,92.06914007786196,No
33.76680913642076,31.379949494975694,17.97121209349679,984.3386702177644,34.50168399245661,No
18.6246613233132,29.71079515379431,15.66396826597252,1033.4571790255627,5.4732706924985886,No
16.32992534733555,44.262011805407646,15.607522471419609,1043.5484513527495,20.424210636842886,No
29.82241298580118,28.083664880851735,9.15991518007143,968.5733072005186,41.86951433276842,No
26.489462263598238,75.37290733553056,7.960105859090056,987.2508931553466,21.963492859456903,No
31.83657553516544,24.983343850405014,6.058314576663852,1042.8630562115395,0.02270382182555375,No
17.79544753252579,60.75377025198318,1.3138971790873155,956.1808460689223,91.50015377475272,No
30.905346237197804,99.73574830823814,4.564707269873982,959.2360528111378,84.3879411230929,No
19.032546400954892,85.11762156048151,4.932072699560493,966.2790989206229,74.22922314869471,Yes
18.27311885731409,69.21755505848087,9.681541394204032,1009.5212834126875,16.781459564602862,No
18.285315958619858,44.500289662928935,14.948888131933879,965.0472271005998,12.036357620998606,No
31.29149440462764,69.91166690333108,9.476196567958933,1046.8076381450733,6.760474947238315,No
28.303944413924,62.163317112932134,1.1568889889432121,994.6714527258521,72.40291887729212,No
25.461308495382386,54.086670711229715,19.15579601976408,1000.1517960350167,92.88079606878853,No
22.17660968247005,30.45683013921596,18.854486381882246,974.6658615805406,43.053582091303696,No
32.544010816262166,90.92833721923733,15.703790862968168,997.0960252434734,11.914067199604816,No
22.84890214845271,55.9827719057058,19.82655803128441,1016.1913632637012,51.23928207321066,No
31.33198878943154,35.56980094566121,10.889646656005258,1025.1177136954043,34.88319074586301,No
23.78269817140437,49.420748070183166,19.255367005064123,1025.3868082709912,37.48249243499977,No
22.538888588498153,53.130380202314164,1.5121008123350155,1007.7891112694089,62.13306241557073,No
24.25359571339213,86.20303164534994,7.313614965227426,1040.4359774993857,71.87181132622024,Yes
21.02755748328284,78.68915044491217,4.507625360135316,1031.740784730611,11.060359887316086,No
29.952187603525022,81.54439149130718,3.9166616826854006,1025.7048114698625,3.5590230806476386,No
25.054407801849585,20.882501154291777,2.8160589778535217,955.5605521680461,99.43303026857149,No
19.644253902936345,53.29231985438092,12.448272831319933,950.687796221965,23.272834891555185,No
32.991491465491364,58.50753213082589,15.626437114946102,971.2447277195473,5.383052490845907,No
22.67782442746423,21.535382145844537,11.565967988407213,1016.3523593913452,18.987532909591998,No
25.871057222279774,40.785056699602734,2.9392541917641934,991.1197488882545,3.895784634846422,No
33.12944221929094,80.8231858497708,16.222475398669417,990.2406259299312,39.181089461717164,No
27.484759918279842,30.968776458319923,12.71909414327457,1038.4586888229614,80.24017844513243,No
17.337960814167282,62.824810516207336,7.76331412253991,1039.556284813184,34.124444975772064,No
33.796642472269504,37.216149761379,13.48260591072126,1040.9175264053586,44.418340687836654,No
27.554161061428356,20.969661971511464,5.1980995848566565,981.3878076515027,67.55867735674389,No
21.698112293141723,39.29611660796332,6.90384416988421,1019.1055812739262,50.889407006988016,No
17.785441453267744,98.0699003928043,18.349716862639806,977.1633181274369,86.14456860213242,Yes
30.88050378540592,84.12296895063916,5.810090113428408,969.060983307445,86.60356750457565,No
27.40145511857027,96.76613154568267,9.399765363158732,968.4632457347369,0.9910695491153643,No
25.66922183952643,59.028323514109,17.802822747920292,984.2107620863594,77.80463064831991,No
32.87785166101915,28.778895894200282,14.154427005350549,992.9957619779822,46.073360024167386,No
30.771944224490614,63.83675911789544,1.244064523294055,1033.0949171055067,98.88405413036631,No
18.033497594655024,56.350186764796874,2.946060885579407,961.9891093472712,48.323207587543514,No
21.234441355910967,87.54856661916928,0.15683181543833635,1023.4925847394894,98.68959453882975,Yes
19.969782796289316,27.846606462739565,12.618435804583267,1003.1454914189305,75.45693612057366,No
29.878925851453538,59.059290961742256,8.953468508208367,978.7945342675993,24.860488461330633,No
15.670648694715588,32.00389317551874,2.6854970180455107,999.2819584532824,53.83949792869577,No
26.39779369742633,45.974074151204796,19.15868242113541,979.9942069777022,99.21356394785828,No
30.24917371481381,78.98856619102398,10.593194478912398,1009.6081955238305,85.75306077519237,No
32.53531273523499,58.081450349501324,4.837865882257784,993.3843922855244,9.73668937912211,No
21.841634974318147,50.07106281166155,10.01207142309415,966.4405529078879,70.6371996809996,No
31.425146093440258,51.55810228560283,13.592406654702156,961.6583074555697,34.5579585870813,No
17.212634739104146,56.75574147247893,1.5247843594712895,1004.669568207213,0.6982261880348117,No
31.929045834690363,82.80132350696455,5.49407630095784,1040.2413033286102,40.34809690269996,No
17.54977324663965,91.36677511521876,16.139309817679873,984.3957686557685,23.47544217249713,No
22.945745811207345,96.42677492031426,9.193297408053224,1023.3000107222623,81.88692705204716,Yes
30.94590731559107,82.9522709004236,10.931542840645898,1015.8661354939767,33.733060884576545,No
17.998348546975475,45.23255165984102,8.656320044189385,1043.1554914309481,82.7523693953817,No
19.58502790465283,75.05077648692337,0.8779988528601024,1032.098101729914,0.05979388347953085,No
29.445051367861325,55.008249924431354,3.3149955964031186,1006.6605258905463,30.781915002611914,No
29.400730730921488,40.37364976368409,8.910832774837818,1015.7030498234108,24.116521430776196,No
27.822952657705947,87.26972635407381,4.183709308158557,1039.8386466584034,23.3567361068611,No
28.878968889342,23.074107916986,0.9995805731935747,989.9518784586935,6.81866197654627,No
25.854488866951925,92.14095937083388,16.872993281036475,982.6794705857777,18.712427041050173,No
20.035981178139053,56.91819716997873,19.623850583282316,951.0811083635197,55.55495698856199,No
21.913919870078388,70.97611814466244,15.862857479934789,1032.6551074191464,29.13610728377445,No
18.631954336028514,72.74831377646262,17.07569843409334,1030.0980700403366,41.73947823291479,No
33.169011226672566,91.60941925652291,4.839542606340908,960.4454518100151,37.68668803471885,No
26.66783589532241,70.93357457337659,19.212539510263994,1007.6857381132701,87.59049249998945,No
23.017028335272798,69.11468678080494,3.9385140890685677,996.3981698166888,90.52989990105155,No
24.240116072882653,25.332163244855195,19.028596207236646,961.8709095509112,49.295697165586006,No
33.94566679223631,61.47264175561632,19.89638587931902,1048.0568227060724,33.01559503156044,No
18.067028062321604,32.01352006536333,14.234456114920974,971.4695887463355,10.680070400236364,No
26.724596640335946,78.99470149771885,19.62287463583644,956.7234180090561,95.3402879382095,No
25.11777357768932,60.97775366501396,11.390795591342073,1009.484737950191,6.022694490029745,No
27.22908470869296,74.41822233666826,5.190835663521806,1023.8866677133033,29.765027756828044,No
15.36220367641681,23.333832048190743,8.739917713312417,953.2443446047187,29.806620117000413,No
32.44247817888303,26.783361283664256,11.87121870757572,1015.8717638727022,32.04012861402149,No
33.64236564967224,77.30587104501458,1.4616312405402998,1003.2291875951455,16.428684327240926,No
26.30266367178418,25.76674687989387,12.446865292344922,960.3265008875048,78.31614309236971,No
28.933016477537844,25.70053822122069,19.62355673524589,967.2523876946362,12.249786196598922,No
33.449987623545915,20.968678018790996,3.8021529956745526,1006.7974297316081,63.49066591531628,No
29.14477268626797,96.5201118639584,15.851902325767666,979.6357613513288,12.384602670581746,No
18.050780858285226,79.00066875672056,18.15797587559239,1043.8315728651316,7.053563759295656,No
26.525767203336265,48.260112680165136,18.874031856404414,1031.8740229484051,90.94295036858765,No
27.13430092765712,43.72284650301242,19.202712088108946,1048.3567206513662,19.01287663187057,No
23.48261342604772,47.97625837966797,10.429192774429438,975.9670838950414,82.12501545597043,No
29.728884712494455,81.97228249449455,19.546158159830075,1046.9723632797977,54.46308711071358,No
33.687340295380295,72.90964888563315,15.146204142688777,993.1233869791558,7.78565196087696,No
33.51137025813553,34.815645429397435,3.233428724739238,984.7518795313755,95.54481914380675,No
24.016787428082644,33.92874682672675,9.5380021293594,955.0349526969353,24.696116699189254,No
17.264760916815106,27.871651977071785,14.36662350744008,955.2765257859603,85.96453453526065,No
34.69682397924669,72.82421757610706,4.946806316381666,1019.2011255946654,16.88100057845642,No
31.777961728918683,81.14981297773888,12.812303670977748,995.7928994434028,85.39428821418528,No
17.493253624065336,41.20371426600032,13.332009580932384,972.6521626036106,1.3228812905293985,No
33.416837652347446,21.675596882473023,3.2539948761713178,1011.3970306325233,51.178045656948065,No
32.39792724124257,26.573733398114186,11.301706249055126,975.2858118250111,76.94425794215569,No
25.376761142521442,97.42880278760244,15.432538219572153,1007.7631754344422,93.47955174927833,No
26.825508714898586,43.63558219819362,9.977913290718838,985.920874698269,90.92021362064871,No
22.980054077402606,81.53785182705069,0.2420623355221485,1032.3552226611819,81.96248695476449,Yes
16.095232776440625,69.9730855083411,0.18076938158584355,1032.069616076678,88.8191349661304,No
21.70394483291802,50.555171172231674,7.140586879400244,997.7350398122401,19.92196858370765,No
31.057068971960227,36.45498097564441,18.52388136863564,985.0819109335016,28.418429571172876,No
15.092640460092056,29.710913452752514,4.573535592072176,986.2559796559094,28.89685249210585,No
21.669983433822885,69.20103744310933,12.687273777433743,1030.5714525668218,37.70539310016988,No
22.963373871818867,81.97070245102304,4.4415174138664115,982.8179482797611,39.33206703851887,No
25.74791205875846,71.51234028329046,6.433399793190972,970.9059373706846,54.45553246546755,No
33.39711232825521,62.42417065993266,16.96084179202968,958.4688341875307,15.987976336644138,No
21.926919887319226,23.356097874530903,14.577228845398938,996.6693120884408,69.12466637859893,No
21.939064037924553,97.47910220755071,1.9079855462642126,998.2132098919842,16.75665393045065,No
29.750024962194967,83.89713533236596,8.574040419728671,1034.0908710402907,31.030848210454753,No
24.044358817796144,43.42576293607718,0.5833952729052894,972.1238696446064,50.33451306061541,No
19.49209645879964,98.39762634870806,9.61780293206018,988.09912736684,79.64405615234773,Yes
24.04879032265387,68.15052717090578,13.24868023402136,1030.8405738893691,73.94692332387272,No
17.817140407595996,66.59381265657971,2.370052471963031,1032.3623610748973,64.55343564105223,No
18.527739730124466,79.84585435436257,5.777698778183313,988.4611075978768,15.577326058017016,No
24.967355454789594,84.941583047211,7.956732510043139,995.9124023286681,54.70453456155777,No
23.378508990090957,72.51828858652021,18.390620493120995,980.3285890849282,8.744650179988545,No
33.296918021362,30.247659709296002,19.86510030845928,1043.2554878419312,37.73631767966508,No
22.24787798233266,47.06140047955987,0.8982259799123171,961.8643765741581,41.35165302899592,No
26.61176700556087,94.24669122608398,15.22015846990784,1043.374942300147,3.9811439445753827,No
27.645285758390607,37.969248947508156,7.434481328046864,1018.3866451835344,27.398809946997183,No
15.261889131766672,49.77336190700107,7.849163724589601,1003.1572152686731,95.56494672664894,No
28.270747440334212,54.56615063553568,15.085299466940453,953.2659060784496,95.36326078296895,No
18.560719337395028,55.15239917555618,18.368528642908174,997.5596191822008,35.23270542525393,No
34.2214063493891,69.03516659956205,19.018571890050968,990.7748105002732,4.310010894832406,No
17.973254555062258,95.4460670195766,11.542451720766415,966.1218811975123,17.909493932818155,No
23.292482474540474,39.2554169466004,7.142423186010056,1015.6409603500657,39.221779343354015,No
16.706993361572877,29.720110104073445,15.750981717175584,1047.1150907368285,94.77796979692297,No
34.93748503691894,35.79763918879499,5.020027665246005,1006.2188811064525,14.119906353718491,No
25.04390020662485,90.95399201674157,11.281480576670354,1021.4753276443946,76.35158436682123,No
26.907700346400876,71.66486501241648,7.171569230497463,956.8450452566017,10.868253937469207,No
16.34152954776855,42.87254313913281,13.132621474157522,991.7666995816994,98.12575773912768,No
29.999209407983557,85.27575511748938,4.807978257870138,961.6358485164496,38.161649910913496,No
19.198111861911716,88.90959970907488,3.8318589146965154,1011.279583553651,77.5234538899056,Yes
32.96108578881427,87.72114709522225,18.364781733508742,1043.8482158214156,34.259108281113186,No
19.102792809640142,93.51412269116436,2.036073658990738,1016.1777732471638,62.76688771588087,No
18.81375441327333,40.17928161386892,10.119158154698633,957.6803048314422,19.201608474003674,No
15.730993356961898,80.40335429970227,4.417055659260178,985.4666204985083,14.602101929696254,No
24.441338902199984,56.8431597819312,0.778599266513349,1005.0663379440851,93.80641395681313,No
26.29682266525233,87.35988423120492,0.7203763658285278,990.3207756133252,91.76472779044335,No
16.31417278856705,78.27925417292906,3.504435442116547,1033.3644010475173,88.74689402128824,No
30.51055233390021,82.11579571997797,17.335407090120004,1031.467100470999,62.543345016659345,No
24.065776694960554,72.49294701448572,5.649574879540533,1011.1831020103222,80.82682112162783,No
25.4878053865516,34.19430155757655,19.009183411505916,987.3457945132706,6.903693691137491,No
23.81525493876456,63.60215351175506,11.632445859783871,975.5336373763245,33.47890418906792,No
23.01526121750652,98.77357916196065,8.732283795375322,960.587431821313,31.37031247571562,No
26.19280662616436,94.99104531976951,11.601776693389091,985.4897683486554,63.56453219526132,No
18.10480491861425,23.453898863760934,10.333967704525355,991.317251720772,35.59577734706405,No
18.63856260990542,33.18518525835497,15.175525075146503,1017.5822925104073,14.85067816436808,No
32.235712420270346,30.538301876364955,5.649921319457045,1015.8159824297574,59.646707541354374,No
33.922309242672654,78.07839279882364,7.061007832006048,957.0108139641256,81.43839206690815,No
22.46618632559506,85.4228263885556,17.881886050665013,989.5259315431158,38.21234944599732,No
20.414893462871078,37.080909304853755,18.92913026300811,968.1778867217362,13.22687150984817,No
27.879990864780314,60.46821543614632,17.85116454972949,965.6812705316805,19.668819731282305,No
23.17468342196193,87.256242240896,8.388959879146272,1032.7302149737245,23.7483305169384,No
15.507727113206897,78.62412358130004,15.607310060137634,954.1915216716258,29.989759299453624,No
18.12305194732381,63.378976439347866,9.526714666021975,991.9182875902121,64.27950705063091,No
29.31944457694795,67.22781523670183,9.950797042922044,966.8203655766519,60.0945484537719,No
28.178478838203027,60.6688437533024,4.093602181145679,1037.9330215678474,69.60798615670392,No
15.54191985006967,43.803876105505644,11.82260606517033,1005.7040513275035,36.25019845315131,No
19.43944323865899,65.20175942872129,3.7227179550669587,973.1380636376848,82.39976518799783,No
19.62149593176143,75.11082416400725,6.631293981343875,1000.2427287166377,20.40876611557603,No
28.43785487197457,89.86583326886462,17.100604032398703,1023.1486359703116,46.90407475181539,No
15.394210755087283,70.90330831833984,4.141516184217105,1045.8118008919434,80.09387215414303,No
17.082171639691477,80.88972296345264,1.4231657034686562,972.0446004245418,18.015864773261924,No
30.998321707463788,32.805730796365836,1.380151852256326,1038.6181772129346,10.986311374078294,No
18.570893241086672,56.92459795358319,18.815690410062157,1043.430411416749,88.36839676879897,No
28.054922157037495,20.746529586167462,10.138408759236693,1041.6420544532066,34.29296627591959,No
19.76365562093453,39.73430916172984,8.188241436340366,1013.541435686191,68.3870124909032,No
16.988827855186905,78.11693720904039,16.217571620158367,1012.9820654434708,2.534860426393848,No
19.86344381998908,99.34479610794908,16.71651855821032,990.3210633183822,69.00468884094497,No
29.44533863711318,27.934247966977274,6.643820662312092,1025.2397882303787,31.61013115469705,No
32.11392936212572,52.11954526890306,13.872361149475905,1003.1294018350932,5.574085358744174,No
31.604397291339833,84.00567749593276,15.422456317037732,1017.7438071228295,60.9812761548117,No
22.943670592369095,36.32285077031191,13.09301373731909,992.8457903848796,24.080381607317324,No
28.361702731412922,64.4067959441829,3.0319014960019874,1023.1496464043139,38.680724205188,No
19.09968590831642,78.64570368237398,17.51766167034114,1032.447151760455,8.058081228651359,No
20.862954605220267,69.27883602081432,10.781891054720173,964.6436256602816,14.716325109494532,No
32.9267163704224,35.04197876923329,5.649448527400073,1033.2929715574228,29.797723549584376,No
15.26003847021472,48.43076549485915,8.504563708753878,1004.0296531790307,8.975950056015714,No
16.71017061708936,82.70334275883178,0.7514218079781476,1034.4665909090224,91.08262646863152,Yes
19.157725102920544,64.33812113056133,2.557336024448351,993.1301706341014,0.6047043183978418,No
15.530644077476394,20.41836908343302,15.310935010317216,987.9040485383035,48.38602188643114,No
18.628708701795947,80.8792608022475,0.00023269510732282228,1041.5060732517222,12.324745813255145,No
26.66083121939384,22.824908395219126,8.331316569645843,975.1169267548402,30.767908947794854,No
23.428491011849957,79.65870261849858,10.450203621711768,1034.4212325286144,92.60595598182655,No
32.8534342215395,36.19844481321899,1.092688400019446,998.4020572509404,16.169455327398687,No
31.34887123476882,96.64587840955042,19.461563259446656,1001.409544255126,96.58323197183326,No
21.83634703395752,49.43526010416676,4.522506624993438,980.8468281489484,20.579437698942172,No
20.188468668625852,46.15452930704633,6.083974392725617,1007.3042200619016,74.15661084668295,No
22.59384816334534,31.911044026595576,6.078850245100547,982.5211196276211,54.66772648973117,No
26.805898850296153,44.44833723921719,4.608333242346998,953.9269414241652,88.44787275967592,No
20.361272816457525,90.13206094625605,0.02947644172622832,977.1998605344356,55.399325550313094,No
27.482978156982682,99.70674701017978,14.586895881759927,950.637904340659,53.45592191563087,No
23.18823304382481,49.464762440547865,19.336909995985707,1047.8354787056855,19.54580003683999,No
26.040943617039606,55.8888504763634,4.485869665700902,1046.5747209819747,16.62293620516587,No
23.722530582706334,77.76567505621897,13.26094383606845,989.5155297472305,91.64891511155142,No
20.889315190838353,90.89566243720596,14.837926539174301,1022.8370854339646,32.78381988500341,No
33.96906613924313,67.44354673494273,16.968507581810496,984.5806098410425,37.20822549628959,No
30.272115883195216,51.32205585422635,8.452583940272183,1017.1093157085976,75.98236584283885,No
17.802263515329052,53.0097472678899,6.058618112808585,1030.5430043045978,33.882348242280734,No
32.36935951795826,75.64945171974455,6.505902680460622,1044.675624469224,95.20624466390028,No
24.748623964990273,20.257461088342296,14.252426661970256,990.0212275849672,73.79277689988002,No
32.891044537881825,69.56714699678726,16.33558933011272,1028.3297982956049,59.742924257342,No
30.997105118946305,48.43944083530859,3.632279355132053,976.5928450632118,88.08951605447525,No
23.50427008938467,83.53578650216674,7.418820163155305,1049.0332303793648,4.960590834948276,No
15.449386166402348,27.439251185850573,18.038803934983,952.5769598764351,25.706269218920873,No
20.37354718769892,67.05618135587125,16.133870393894785,1010.3528806501121,46.50363342209099,No
25.83268429321734,58.4778311908899,19.697168055249517,1015.9505981651328,22.6978539471521,No
27.669564396522944,71.38604207241819,15.084965193641615,1018.8045557074129,74.39051873021519,No
20.157753708664046,25.18828755863747,7.863904020558445,962.0387578789089,91.92080310537251,No
17.78712148145648,66.3987029942505,11.812756679892756,1043.852978347313,42.37701199309234,No
31.69860473598598,64.91876703676189,13.220285084946406,968.1183279050083,34.2132600111895,No
34.68804361407104,64.85280755329367,1.569116326342479,1012.2753403239841,96.15507321375662,No
25.513803646053717,68.27901332771638,10.889939182077303,972.2676079123084,44.485243282754084,No
18.43358571696607,74.11743497810897,14.186416569452192,980.721641702127,48.90484004492832,No
20.44614653038738,84.39911997446158,3.3464260800212076,1004.6458541728124,35.164987234190534,No
15.367813530949334,41.585657610257144,15.612634348511143,991.7193418564576,90.95484730121383,No
33.28597613120998,86.00395281440497,11.675455610282233,966.0225600976506,56.89554832818507,No
17.355021657802823,59.86045458107629,19.04443571395189,967.0936402420848,76.21745871816447,No
26.53032951028507,26.164662330746495,0.8484459641378339,991.8144788162799,81.18067183508863,No
20.48110441374412,24.684074339518336,5.306522751109339,1025.72829782755,34.18490419172582,No
26.083560050315867,46.73906549568486,12.031077585996481,1039.7964646847788,43.369433132038004,No
28.028407767037287,82.7917581689174,5.9311982441186135,958.4127662259383,84.84717744062647,No
31.594836074144034,76.61447477927325,14.288483281424844,989.3103907559401,36.32553516758102,No
19.128425435212066,83.08919717379251,15.18010565043862,960.0245563722876,79.39351334518513,Yes
15.219916573169609,61.38152451532875,2.050319281329489,951.6592480632598,94.09923225744372,No
17.737712601376145,55.21591983643924,10.277089284135354,1016.1718682643957,62.3210373068007,No
33.0003728369621,31.796202136502714,10.177811111821118,1010.2449441966588,74.16272874518889,No
32.47780155125031,46.25542028874492,7.385615404310821,966.3019113814886,80.50973120411349,No
26.948262043406167,54.72154929391002,18.65849725139344,973.3812833093064,84.50396488966425,No
27.010337208673068,27.08803437436938,16.550126397464425,952.3707753644518,39.505333785679596,No
28.30073349092511,37.6489562168969,13.944187638192735,1033.4947205694405,5.126345917599817,No
18.507425572468993,67.8580235250991,14.286532714699952,1047.4690596048551,40.187627123673956,No
33.2882389184992,78.85304913913518,9.234322876262382,963.5459536794691,67.37562297840898,No
23.375410497841465,99.86780091143598,18.419890421931516,973.1475213765298,45.03503857807928,No
22.66277056498995,94.64906650748462,13.891908545065707,1036.8409523946934,74.89631508603985,Yes
25.37835410565675,71.40521596281532,14.57962123311633,1042.6463797956185,35.69824294686639,No
15.9393193355011,53.69984426352576,17.233818075746903,991.962738280681,63.474414110402954,No
18.32566737512159,70.89418917665861,5.48143178684382,955.0622472269074,18.641980485397458,No
29.76067232852741,82.85212944641856,16.14141807733406,953.939183369282,74.93694366449569,No
16.65597335850253,29.466895273870986,3.9048120591298408,1007.394986606901,54.56959688130259,No
27.063042189327764,52.79239117570306,6.906839044897756,989.2895108893179,20.40643885466006,No
19.90698219362642,87.18418285084938,6.712209085396854,952.8652427577655,29.191117349780725,No
22.785912280839533,50.70663615464352,19.57050936778281,1008.3252392312556,74.86087085818323,No
20.773874735413997,65.74978169817493,17.130744474958536,951.1302536589022,48.26012356615207,No
22.113454329298982,67.02154886897586,14.023397231805195,1028.7371958149272,21.60314403930722,No
29.38091810368491,34.75810025069115,14.541135232307802,980.6432822703372,96.72711903702977,No
20.9424343124635,48.97883533218307,11.241455888051421,954.0258003009233,71.51250198168879,No
26.328092805937942,46.76090309935457,18.94181334217038,1008.8352220983153,95.71348325397962,No
24.521008043981993,22.09573668256518,9.92517505764723,989.7684414433055,42.71050453603432,No
28.273423307252962,21.935341111308418,7.610354197397891,1047.3800413357148,47.51003406917205,No
33.73659478649516,86.53576349406188,3.26070673863182,1004.4198662503702,89.79552161850192,No
29.651441944205004,41.845664797824995,15.72411304522116,977.5239181037008,52.504934024538464,No
19.298807571815136,61.44630129910524,14.68887864151183,1020.9438864633975,70.72789119056672,No
15.623662701225694,43.898045887101844,7.687100770482697,977.1492002542711,25.217287749552998,No
20.2452808859965,95.25433960922724,0.5038682791845872,1040.4243291407565,44.67264687026405,No
26.901558614005097,40.7437407092619,16.779946554360215,987.4721970507377,12.34498658103551,No
16.028516269685007,54.37254501911481,0.22835966908147265,1004.9868562776205,20.59800358769617,No
24.927324944024726,89.81842003876815,14.073995592581019,955.0573103824229,0.0943415267631087,No
26.936856978337786,87.3546853433447,19.40514219452114,992.612123795223,3.926505164866023,No
21.684877816339217,34.88811342770219,8.75322656296407,1033.2363539660996,97.72838231769293,No
30.418244074916437,84.21146478365684,4.699468099919056,1030.5648805363342,24.23536951367623,No
17.131965062675437,56.65495093903141,14.097420200867635,972.4318558853527,66.33107095040019,No
16.502755634716173,58.637509766828416,16.342562840311704,972.6079071010563,83.90996987996115,No
29.563775124072066,30.6783977932755,10.928606321556947,1031.7305312213236,55.066045923656425,No
24.90982632412397,26.44812110056997,19.340705505122923,1043.0398420169327,15.31445000839562,No
28.768047928554722,78.23514455790121,1.033374433159222,959.5360921273003,72.81164373361663,No
23.696546772074925,59.716892188423984,10.095911966090563,995.0058639426226,60.025141009958304,No
19.928040664782138,54.948056209214364,14.369078946451001,983.7454278964229,73.12505893473751,No
31.382046353483993,78.36065829219174,17.252809422983578,1037.068845545744,76.97466228570872,No
30.988317579379583,81.24103191928879,3.585112238155801,958.3524914680019,97.54103676847451,No
28.893929417088536,32.71265341354828,16.00006963527363,971.1125942558037,57.356328002671,No
20.44290274459925,68.8180119582113,11.054141514370905,1025.2468337586495,34.164111269060186,No
26.804613337381742,30.828326582214842,7.931073639799264,955.1293848981215,64.8464556900237,No
22.219477938800537,80.11000688232366,2.6343005715818713,999.2535380714289,6.844070924262613,No
16.831641466532684,72.55641250137117,17.30591517817825,994.210703467972,89.73973183215863,No
33.34627150924486,96.52916968667664,3.145464163594307,983.4401178988749,11.938101133819679,No
17.736372618379228,25.516641308513694,6.195757184181985,989.4572315318924,32.784283788581824,No
34.00474707641605,24.564377692100344,5.8009106392487375,1002.9940586930232,81.57453806261209,No
23.920115459159113,42.57496597545601,17.428280683817086,966.1367358388383,59.731237833071184,No
